source_id,url,fetched_at,http_status,content_type,content_length,content_sha256,etag,last_modified,outcome,raw_ref,reason,warnings
who.gho.bp-03,https://ghoapi.azureedge.net/api/BP_03?$top=1000,2026-09-07T15:19:14Z,200,application/json,610553,8488ac28ea61b7f8df766f6c87163d617f622df7fa2d25338bac9661df8fe640,,,first_capture,raw/who.gho.bp-03/2026/09/20260907T151914Z-8488ac28ea61.json.gz,,
who.gho.bp-03,https://ghoapi.azureedge.net/api/BP_03?$top=1000&$skip=1000,2026-09-07T15:19:22Z,200,application/json,611572,aad661313cc06c3b51de0c7459cf7d5679d25416ac376bbba31dde528dfda406,,,first_capture,raw/who.gho.bp-03/2026/09/20260907T151922Z-aad661313cc0.json.gz,,
who.gho.bp-03,https://ghoapi.azureedge.net/api/BP_03?$top=1000&$skip=2000,2026-09-07T15:19:27Z,200,application/json,611410,c982290c0a320da1eee9dbc7a8bbec8aef8bd8546f0797b66e4e4ceb3b931883,,,first_capture,raw/who.gho.bp-03/2026/09/20260907T151927Z-c982290c0a32.json.gz,,
who.gho.bp-03,https://ghoapi.azureedge.net/api/BP_03?$top=1000&$skip=3000,2026-09-07T15:19:36Z,200,application/json,611510,714627fb70a8b096af52a6eef7a647c83db0ab6426fd0a5eb95506f81ad6025a,,,first_capture,raw/who.gho.bp-03/2026/09/20260907T151936Z-714627fb70a8.json.gz,,
who.gho.bp-03,https://ghoapi.azureedge.net/api/BP_03?$top=1000&$skip=4000,2026-09-07T15:19:40Z,200,application/json,611292,b6a1f4beaec8d31ffc975d1a17172fe27fc9f661c2a70eb5b2166cfb734e963f,,,first_capture,raw/who.gho.bp-03/2026/09/20260907T151940Z-b6a1f4beaec8.json.gz,,
who.gho.bp-03,https://ghoapi.azureedge.net/api/BP_03?$top=1000&$skip=5000,2026-09-07T15:19:48Z,200,application/json,611841,2ce75450ce1cf2e388ff5a721e7c0bd51c8bf11de554a96e739db2cf4fe42b2c,,,first_capture,raw/who.gho.bp-03/2026/09/20260907T151948Z-2ce75450ce1c.json.gz,,
who.gho.bp-03,https://ghoapi.azureedge.net/api/BP_03?$top=1000&$skip=6000,2026-09-07T15:19:53Z,200,application/json,611186,d95d650c14bc726f10b8a15d092e13172abb785898d9270a4f89662a8dbae947,,,first_capture,raw/who.gho.bp-03/2026/09/20260907T151953Z-d95d650c14bc.json.gz,,
who.gho.bp-03,https://ghoapi.azureedge.net/api/BP_03?$top=1000&$skip=7000,2026-09-07T15:20:00Z,200,application/json,612278,506adb1b96cd961a423a1156c37eaad3d1453228c4ac37e4cce3e0c8da1a1ad5,,,first_capture,raw/who.gho.bp-03/2026/09/20260907T152000Z-506adb1b96cd.json.gz,,
who.gho.bp-03,https://ghoapi.azureedge.net/api/BP_03?$top=1000&$skip=8000,2026-09-07T15:20:09Z,200,application/json,612071,0aa2d6a814db5b4af8c0b3fdac4b26ada2f761382aae492bb2789a5459a3415d,,,first_capture,raw/who.gho.bp-03/2026/09/20260907T152009Z-0aa2d6a814db.json.gz,,
who.gho.bp-03,https://ghoapi.azureedge.net/api/BP_03?$top=1000&$skip=9000,2026-09-07T15:20:14Z,200,application/json,611116,bff4c182d101a49ac7dfce4818b23654e230f5d39a1fbb58acfc400a138bdaef,,,first_capture,raw/who.gho.bp-03/2026/09/20260907T152014Z-bff4c182d101.json.gz,,
who.gho.bp-03,https://ghoapi.azureedge.net/api/BP_03?$top=1000&$skip=10000,2026-09-07T15:20:21Z,200,application/json,610956,b1df1e1cb799409138797dd437b0b154de469a457679f653f59780c9bddf68aa,,,first_capture,raw/who.gho.bp-03/2026/09/20260907T152021Z-b1df1e1cb799.json.gz,,
who.gho.bp-03,https://ghoapi.azureedge.net/api/BP_03?$top=1000&$skip=11000,2026-09-07T15:20:26Z,200,application/json,611772,b64dde7cfeff85c54ec638a8e64549649b9ca1388cfdfc325307ace035c4deaf,,,first_capture,raw/who.gho.bp-03/2026/09/20260907T152026Z-b64dde7cfeff.json.gz,,
who.gho.bp-03,https://ghoapi.azureedge.net/api/BP_03?$top=1000&$skip=12000,2026-09-07T15:20:33Z,200,application/json,612043,2027c101a368f79598e9a8aa83792ccb610edf9733f2db2e46ec8f2648f9cb7a,,,first_capture,raw/who.gho.bp-03/2026/09/20260907T152033Z-2027c101a368.json.gz,,
who.gho.bp-03,https://ghoapi.azureedge.net/api/BP_03?$top=1000&$skip=13000,2026-09-07T15:20:41Z,200,application/json,610976,ae26eb42433447242e8c4dc16dffad12dbbd191a974eee0fd001295ed6958b0b,,,first_capture,raw/who.gho.bp-03/2026/09/20260907T152041Z-ae26eb424334.json.gz,,
who.gho.bp-03,https://ghoapi.azureedge.net/api/BP_03?$top=1000&$skip=14000,2026-09-07T15:20:49Z,200,application/json,611968,813ad9b341b49bd1dd9e154ebd42ee98acb9333b81c68b78dece5bdafbaf2ba9,,,first_capture,raw/who.gho.bp-03/2026/09/20260907T152049Z-813ad9b341b4.json.gz,,
who.gho.bp-03,https://ghoapi.azureedge.net/api/BP_03?$top=1000&$skip=15000,2026-09-07T15:20:59Z,200,application/json,611483,c4218aab1f7553da4bd45a66a4979e4a6521489f4abac39ca7e174c48a483b9e,,,first_capture,raw/who.gho.bp-03/2026/09/20260907T152059Z-c4218aab1f75.json.gz,,
who.gho.bp-03,https://ghoapi.azureedge.net/api/BP_03?$top=1000&$skip=16000,2026-09-07T15:21:18Z,200,application/json,611383,c4ade1351469db99f44b6e6c06d124fb18adbb7054286c74417e50891f383e7d,,,first_capture,raw/who.gho.bp-03/2026/09/20260907T152118Z-c4ade1351469.json.gz,,
who.gho.bp-03,https://ghoapi.azureedge.net/api/BP_03?$top=1000&$skip=17000,2026-09-07T15:21:28Z,200,application/json,610809,325054d090f4113430d41289022ea885930c211833c0219de28e4421dfb472f7,,,first_capture,raw/who.gho.bp-03/2026/09/20260907T152128Z-325054d090f4.json.gz,,
who.gho.bp-03,https://ghoapi.azureedge.net/api/BP_03?$top=1000&$skip=18000,2026-09-07T15:21:53Z,200,application/json,330877,a30f4049389597c308a83ad2fcd2a8fcb7dcb403c42ea24f77dedfb71a1d6591,,,first_capture,raw/who.gho.bp-03/2026/09/20260907T152153Z-a30f40493895.json.gz,,
