source_id,url,fetched_at,content_sha256,verdict,detail
who.gho.sa-0000001730,https://ghoapi.azureedge.net/api/SA_0000001730?$top=1000,2026-09-07T16:34:04Z,fdb0c8bf5fdd1bcb482567935621656fd018d5cae76f176c3b1cf55cbb21d459,data_identical,599045->599045
who.gho.sa-0000001730,https://ghoapi.azureedge.net/api/SA_0000001730?$top=1000&$skip=1000,2026-09-07T16:34:14Z,37aef378c700e20274cc9fa0c6c160d30f4181cd875a205da4437f18ff2cd9b9,data_identical,611461->611461
who.gho.sa-0000001730,https://ghoapi.azureedge.net/api/SA_0000001730?$top=1000&$skip=2000,2026-09-07T16:34:24Z,7348286584cfa52202ecc8c7fa769f732391eabecb3d59f756cfc436cd564520,data_identical,2559->2559
who.gho.hepatitis-hcv-prevalence-per100,https://ghoapi.azureedge.net/api/HEPATITIS_HCV_PREVALENCE_PER100?$top=1000,2026-09-07T16:03:10Z,478b9e0e60aea9461ca562d8025ad7de1e16821ffa9e6bfd6bf0b4fbd7f69b71,data_identical,164920->164920
who.gho.malaria-total-cases,https://ghoapi.azureedge.net/api/MALARIA_TOTAL_CASES?$top=1000,2026-09-07T16:04:09Z,ae470c7253447a0eca889adb5b7ea2de08bf71d7450c03327b8ab68db068e709,data_identical,570888->570888
who.gho.malaria-total-cases,https://ghoapi.azureedge.net/api/MALARIA_TOTAL_CASES?$top=1000&$skip=1000,2026-09-07T16:04:13Z,b12dc5153d9f565b70dba6600de3184e58fe35041acc05d5877d08bd8864cb67,data_identical,26876->26876
who.gho.tb-c-xdr-tsr,https://ghoapi.azureedge.net/api/TB_c_xdr_tsr?$top=1000,2026-09-07T16:36:12Z,3dfb628d988cadaba06e7a1910730c8f95fb9bb9e989495cca5a6c03e60595fe,data_identical,556578->556578
who.gho.tb-c-xdr-tsr,https://ghoapi.azureedge.net/api/TB_c_xdr_tsr?$top=1000&$skip=1000,2026-09-07T16:36:19Z,52b598b107f579015f8fbe6d1b34f76f8ab40be111a3b5e9e9a0014ce0dd55cf,data_identical,8439->8439
who.gho.mdg-0000000017,https://ghoapi.azureedge.net/api/MDG_0000000017?$top=1000,2026-09-07T16:11:35Z,6d1f019d9f4ab60f5e44a914986cac144381dcf80f611a0a7d1ab6e286f7822f,data_identical,584124->584124
who.gho.mdg-0000000017,https://ghoapi.azureedge.net/api/MDG_0000000017?$top=1000&$skip=1000,2026-09-07T16:11:40Z,0db03a7cd5b45a0aac80b860954854ba75b2554b633efc4170377b8309fbe629,data_identical,584126->584126
who.gho.mdg-0000000017,https://ghoapi.azureedge.net/api/MDG_0000000017?$top=1000&$skip=2000,2026-09-07T16:11:43Z,8a02f126a0dce2153ac516359a8fbd5b2173a4362649b659946692531463a323,data_identical,584316->584316
who.gho.mdg-0000000017,https://ghoapi.azureedge.net/api/MDG_0000000017?$top=1000&$skip=3000,2026-09-07T16:11:47Z,eb462303f14da2e1dbb4f7fef4440dab58b705eb2be80f84f7d7edc976fa434d,data_identical,584243->584243
who.gho.mdg-0000000017,https://ghoapi.azureedge.net/api/MDG_0000000017?$top=1000&$skip=4000,2026-09-07T16:11:50Z,5773185cb9bc79afa017587b97a47d2b07814ba4365ec0eda9d712e17de86c32,data_identical,395792->395792
who.gho.ntd-bu-conf,https://ghoapi.azureedge.net/api/NTD_BU_CONF?$top=1000,2026-09-07T16:29:34Z,9373a94650ea0de9aa4d354113f7bb3cd89e40c0a86718b137d897b5d4fa6d90,data_identical,109573->109573
who.gho.hepatitis-hbv-treatment-perinfected-per100,https://ghoapi.azureedge.net/api/HEPATITIS_HBV_TREATMENT_PERINFECTED_PER100?$top=1000,2026-09-07T16:03:07Z,a556421de5790ad66bacc3d62311407b6e277149603cdab2c4fb41f01bfa09e1,data_identical,153458->153458
who.gho.sa-0000001518,https://ghoapi.azureedge.net/api/SA_0000001518?$top=1000,2026-09-07T16:33:09Z,8e9c7144eb0cbbcdd3f0253d38ebfd8cdee1ca4501873e4c00604b741398782c,data_identical,576536->576536
who.gho.sa-0000001518,https://ghoapi.azureedge.net/api/SA_0000001518?$top=1000&$skip=1000,2026-09-07T16:33:21Z,a9fc4a6ed70c52d3b71344ad253193edd2fe71095ef69f1e5241a84b58e08b90,data_identical,243384->243384
who.gho.ghed-extche-sha2011,https://ghoapi.azureedge.net/api/GHED_EXTCHE_SHA2011?$top=1000,2026-09-07T16:02:41Z,6a3924eff91fca03908896886d85694bfb51cfb7b3157751b25abfbb1699f3ec,data_identical,566430->566430
who.gho.ghed-extche-sha2011,https://ghoapi.azureedge.net/api/GHED_EXTCHE_SHA2011?$top=1000&$skip=1000,2026-09-07T16:02:46Z,f1f46baf98e730100dfc564ce4df7679f751c3b2826b805ae31ce46ac73957ec,data_identical,566154->566154
who.gho.ghed-extche-sha2011,https://ghoapi.azureedge.net/api/GHED_EXTCHE_SHA2011?$top=1000&$skip=2000,2026-09-07T16:02:52Z,31cff5afa4b85b0ab78dacbc6341c72fcaee18909228750eacacfeb87c5f79b9,data_identical,566509->566509
who.gho.ghed-extche-sha2011,https://ghoapi.azureedge.net/api/GHED_EXTCHE_SHA2011?$top=1000&$skip=3000,2026-09-07T16:02:55Z,51d4f3ca1c63b819a3e52b6926fb597ded02366e84e85d22ad0b1b9c6b0ae1f1,data_identical,566125->566125
who.gho.ghed-extche-sha2011,https://ghoapi.azureedge.net/api/GHED_EXTCHE_SHA2011?$top=1000&$skip=4000,2026-09-07T16:02:59Z,da2d83e5160fde0f585aa67c1784a1248261193997dfde1d899389e9c5aa4795,data_identical,481726->481726
who.gho.taxbev-price,https://ghoapi.azureedge.net/api/TAXBEV_PRICE?$top=1000,2026-09-07T16:34:34Z,6591981457bcf7305ec31398d7ba36ae48f2cf61472494adf76254afaea84a07,data_identical,640415->640415
who.gho.taxbev-price,https://ghoapi.azureedge.net/api/TAXBEV_PRICE?$top=1000&$skip=1000,2026-09-07T16:34:54Z,38d06c1bdff651054eedc5bd96580ecce190ffe401f8608971446402e0c0ff6e,data_identical,639988->639988
who.gho.taxbev-price,https://ghoapi.azureedge.net/api/TAXBEV_PRICE?$top=1000&$skip=2000,2026-09-07T16:35:03Z,b59ef67095d11bfae1467f0cacda484be4dc46e43514bdcf01ffb3cada98596a,data_identical,317846->317846
who.gho.air-90,https://ghoapi.azureedge.net/api/AIR_90?$top=1000,2026-09-07T15:18:43Z,c9fb5af477b8602d6250db2fbd5fedba924fa7ebe3a0850b6bf2d59633310590,bytes_identical,
who.gho.air-90,https://ghoapi.azureedge.net/api/AIR_90?$top=1000&$skip=1000,2026-09-07T15:18:50Z,a73a1bb2f40e6d524d738bcdd50175e8f4d2c2da7853bc2e8adf563d2c0825d4,bytes_identical,
who.gho.air-90,https://ghoapi.azureedge.net/api/AIR_90?$top=1000&$skip=2000,2026-09-07T15:18:59Z,60ba4df20fa512a40f3cc6017de9a764a8bc9658ab6d9fa6b21714a4b2c82720,bytes_identical,
who.gho.air-90,https://ghoapi.azureedge.net/api/AIR_90?$top=1000&$skip=3000,2026-09-07T15:19:08Z,78b1bc6daef20bb1c039b4f04fe4f2d1df2e31a7213c1f436883943e1363106e,bytes_identical,
who.gho.sa-0000001531,https://ghoapi.azureedge.net/api/SA_0000001531?$top=1000,2026-09-07T16:33:25Z,dd51e3a3210b60537c8f6a3c7e2d1a6f36c0e5a552fe21f87d0e9136c07b18c7,data_identical,575841->575841
who.gho.sa-0000001531,https://ghoapi.azureedge.net/api/SA_0000001531?$top=1000&$skip=1000,2026-09-07T16:33:36Z,3e6711c6b6aebd585b1b0259db53ed9581560558b7a349cf4165a227e591f373,data_identical,243161->243161
who.gho.ntd-lepr3,https://ghoapi.azureedge.net/api/NTD_LEPR3?$top=1000,2026-09-07T16:29:38Z,f0902c79083aeb4d0388783449576013769594a71067fb6a88b601ab37c563bb,data_changed,550541->551302
who.gho.ntd-lepr3,https://ghoapi.azureedge.net/api/NTD_LEPR3?$top=1000&$skip=1000,2026-09-07T16:30:00Z,4e07608d4ef8b8354f0a8235d2c3e303f555c04c4e6d9d71a0348013f1849dd2,data_changed,550815->550761
who.gho.ntd-lepr3,https://ghoapi.azureedge.net/api/NTD_LEPR3?$top=1000&$skip=2000,2026-09-07T16:30:12Z,71d163dea71b7e5a84557061a81f0f23cf021dc796fa99adaa80976ee1b0235f,data_changed,287393->394226
who.gho.hwf-0017,https://ghoapi.azureedge.net/api/HWF_0017?$top=1000,2026-09-07T16:03:49Z,e4c29701a7309cb8f5fb127cdc0fe1ac60db9994f58edd0c40772d0ec2a916e8,data_identical,323431->323431
who.gho.hiv-0000000020,https://ghoapi.azureedge.net/api/HIV_0000000020?$top=1000,2026-09-07T16:03:13Z,dea83826290164fe92abeea81c8f7c2f82673ede645d39e9a88a49fcb6c890f9,data_identical,583907->583907
who.gho.hiv-0000000020,https://ghoapi.azureedge.net/api/HIV_0000000020?$top=1000&$skip=1000,2026-09-07T16:03:17Z,774541ab2e8e6c319de6b027b55e9d045418152a0348345c8657a725bbd04aca,data_identical,291069->291069
who.gho.gasp-isolatestested-number,https://ghoapi.azureedge.net/api/GASP_ISOLATESTESTED_NUMBER?$top=1000,2026-09-07T16:02:30Z,b7be3a777f649a3077c25abd2738c44a89ea2c9eaff23ddb899ffda4c47a4934,data_identical,615874->615874
who.gho.gasp-isolatestested-number,https://ghoapi.azureedge.net/api/GASP_ISOLATESTESTED_NUMBER?$top=1000&$skip=1000,2026-09-07T16:02:34Z,f63cf1a6d06e719e2ed593c61b3e1aebd7c9cd4977e2cdd1d57ef518e46f8521,data_identical,616216->616216
who.gho.gasp-isolatestested-number,https://ghoapi.azureedge.net/api/GASP_ISOLATESTESTED_NUMBER?$top=1000&$skip=2000,2026-09-07T16:02:37Z,3fb410494d91b3f12269a27c8b65db76a54e0f0bc97bd1c889278b1cc67ecaa2,data_identical,439408->439408
who.gho.ncd-hyp-diagnosis-a,https://ghoapi.azureedge.net/api/NCD_HYP_DIAGNOSIS_A?$top=1000,2026-09-07T16:17:08Z,574071004aab1c040a6d8b48df904485da7fadb8e738a1f7574264f6a7c8c66c,data_identical,598770->598770
who.gho.ncd-hyp-diagnosis-a,https://ghoapi.azureedge.net/api/NCD_HYP_DIAGNOSIS_A?$top=1000&$skip=1000,2026-09-07T16:17:15Z,fb1af93b95d8e2abff5424d20993683a6f6347f90769d3d9b3ce36d8f5844d68,data_identical,598325->598325
who.gho.ncd-hyp-diagnosis-a,https://ghoapi.azureedge.net/api/NCD_HYP_DIAGNOSIS_A?$top=1000&$skip=2000,2026-09-07T16:17:21Z,95ecc1fc9ff3c1b2fc0ec6f5f7cf7ee1729876ece42389ca26277b35fb97112b,data_identical,598801->598801
who.gho.ncd-hyp-diagnosis-a,https://ghoapi.azureedge.net/api/NCD_HYP_DIAGNOSIS_A?$top=1000&$skip=3000,2026-09-07T16:17:26Z,84fd163762241bb20c6780efc4e3a48d140b8407b9d4d886d2f512401aba8306,data_identical,599667->599667
who.gho.ncd-hyp-diagnosis-a,https://ghoapi.azureedge.net/api/NCD_HYP_DIAGNOSIS_A?$top=1000&$skip=4000,2026-09-07T16:17:34Z,d26a8ea142e67cf6cfd887d08bb238ec21ce5753f4c7d2947eab03f0d0e6d63f,data_identical,599631->599631
who.gho.ncd-hyp-diagnosis-a,https://ghoapi.azureedge.net/api/NCD_HYP_DIAGNOSIS_A?$top=1000&$skip=5000,2026-09-07T16:17:39Z,bcb88dda576d645ac31fc5b76d269c89823c42a5d96bc93c9933191cd005915a,data_identical,599271->599271
who.gho.ncd-hyp-diagnosis-a,https://ghoapi.azureedge.net/api/NCD_HYP_DIAGNOSIS_A?$top=1000&$skip=6000,2026-09-07T16:17:46Z,3e2cf0eb10105ace923902b2058ab36851fb226802f7c1eee7cf2049324e287d,data_identical,599341->599341
who.gho.ncd-hyp-diagnosis-a,https://ghoapi.azureedge.net/api/NCD_HYP_DIAGNOSIS_A?$top=1000&$skip=7000,2026-09-07T16:17:52Z,a652a0f64e6ecf0536fabeac9d2ffc397d4dfacea71de503ec521e98a709750b,data_identical,598852->598852
who.gho.ncd-hyp-diagnosis-a,https://ghoapi.azureedge.net/api/NCD_HYP_DIAGNOSIS_A?$top=1000&$skip=8000,2026-09-07T16:17:57Z,9fd523ce4498f375156430a334e75407357fbb46a7d19604b63ae8f7b6470abb,data_identical,598578->598578
who.gho.ncd-hyp-diagnosis-a,https://ghoapi.azureedge.net/api/NCD_HYP_DIAGNOSIS_A?$top=1000&$skip=9000,2026-09-07T16:18:03Z,e83f0f96327e12fdeed65e760fc207bccf9ce1c76c4c0d6218e73631d8e036cb,data_identical,599630->599630
who.gho.ncd-hyp-diagnosis-a,https://ghoapi.azureedge.net/api/NCD_HYP_DIAGNOSIS_A?$top=1000&$skip=10000,2026-09-07T16:18:09Z,45c8c36ded0d91632df148c28d19044810b1253e748a8d42e615d09c48d6af49,data_identical,599572->599572
who.gho.ncd-hyp-diagnosis-a,https://ghoapi.azureedge.net/api/NCD_HYP_DIAGNOSIS_A?$top=1000&$skip=11000,2026-09-07T16:18:18Z,2fbd945d829ebdcdacfff45832469c937d9702de28a169bfb1b023683003a0c2,data_identical,598240->598240
who.gho.ncd-hyp-diagnosis-a,https://ghoapi.azureedge.net/api/NCD_HYP_DIAGNOSIS_A?$top=1000&$skip=12000,2026-09-07T16:18:25Z,debd720b4eb2c57bce6c95b13d0dd4364323820c9e6106e660d6cbe3fd265d03,data_identical,598638->598638
who.gho.ncd-hyp-diagnosis-a,https://ghoapi.azureedge.net/api/NCD_HYP_DIAGNOSIS_A?$top=1000&$skip=13000,2026-09-07T16:18:35Z,a8d3194e40dd1e782a075c22dfdc65e14437c957e9e89ab1b890c5ac068be62e,data_identical,598755->598755
who.gho.ncd-hyp-diagnosis-a,https://ghoapi.azureedge.net/api/NCD_HYP_DIAGNOSIS_A?$top=1000&$skip=14000,2026-09-07T16:18:40Z,b25691b7a351d88d3dfa62190431ac2a857d82184355f826662f3495ee4ff76e,data_identical,598285->598285
who.gho.ncd-hyp-diagnosis-a,https://ghoapi.azureedge.net/api/NCD_HYP_DIAGNOSIS_A?$top=1000&$skip=15000,2026-09-07T16:18:45Z,c1899fe51486a1c46667b0090069cf478d4abd96a52e64464a17089a81c2a786,data_identical,599679->599679
who.gho.ncd-hyp-diagnosis-a,https://ghoapi.azureedge.net/api/NCD_HYP_DIAGNOSIS_A?$top=1000&$skip=16000,2026-09-07T16:21:00Z,f8858cf9de3d033db33c62ed9728fafaaf54f7155965eb3812fcdb22172ceb56,data_identical,598597->598597
who.gho.ncd-hyp-diagnosis-a,https://ghoapi.azureedge.net/api/NCD_HYP_DIAGNOSIS_A?$top=1000&$skip=17000,2026-09-07T16:21:43Z,7d3aa2dcad2cc7f8a14daf0c202f73ce54186fe05e4ea3c5d16fa94b0e4589f2,data_identical,598948->598948
who.gho.ncd-hyp-diagnosis-a,https://ghoapi.azureedge.net/api/NCD_HYP_DIAGNOSIS_A?$top=1000&$skip=18000,2026-09-07T16:21:55Z,f9044d0e5acfe99d8b2a0ee3387cdef8cebbedcc18de8e902357ca8be3153cfe,data_identical,599702->599702
who.gho.ncd-hyp-diagnosis-a,https://ghoapi.azureedge.net/api/NCD_HYP_DIAGNOSIS_A?$top=1000&$skip=19000,2026-09-07T16:22:06Z,97fe2fbe52b28abfaf2aac7adae84aca9a2160430998e788510045cfbbafb7bb,data_identical,137766->137766
who.gho.ntd-7,https://ghoapi.azureedge.net/api/NTD_7?$top=1000,2026-09-07T16:29:02Z,280a0ad1980495228ec61e85e582a0f8ed488b66e1acfd5dd27a41ab04ce34a9,data_identical,552153->552153
who.gho.ntd-7,https://ghoapi.azureedge.net/api/NTD_7?$top=1000&$skip=1000,2026-09-07T16:29:31Z,0d5290cd7f56b3c6960fe85312105555d10cc8720079f9df6295ef323e6c1ebb,data_identical,624->624
who.gho.hwf-0014,https://ghoapi.azureedge.net/api/HWF_0014?$top=1000,2026-09-07T16:03:33Z,7305215f4c3fd3af7b2fe3e197d1bcd885f123c88697c838339676553c7c2ef1,data_identical,623311->623311
who.gho.hwf-0014,https://ghoapi.azureedge.net/api/HWF_0014?$top=1000&$skip=1000,2026-09-07T16:03:37Z,310833aac8a957069ada47c47687dff47ff20cde7a36c3479c90e7f897781917,data_identical,624157->624157
who.gho.hwf-0014,https://ghoapi.azureedge.net/api/HWF_0014?$top=1000&$skip=2000,2026-09-07T16:03:41Z,d6060c61c4c6f0bcd67354054899614845af297dba0dbe215fb8b4b075173639,data_identical,624367->624367
who.gho.hwf-0014,https://ghoapi.azureedge.net/api/HWF_0014?$top=1000&$skip=3000,2026-09-07T16:03:46Z,1e9460819f6385b154c6d9307801efbae9012e5ee37ce15998f35c5aa7afce50,data_identical,53023->53023
who.gho.mdg-0000000003,https://ghoapi.azureedge.net/api/MDG_0000000003?$top=1000,2026-09-07T16:04:16Z,51caa65bbc6ab82f3373feefb259307470010f34b23742c23dfa398a05611da6,data_identical,626721->626721
who.gho.mdg-0000000003,https://ghoapi.azureedge.net/api/MDG_0000000003?$top=1000&$skip=1000,2026-09-07T16:04:21Z,7df1316ec6a9144ca4e9b6b423b12a4bde38cbfa4f3848a7fe2c6dc3984a876c,data_identical,617816->617816
who.gho.mdg-0000000003,https://ghoapi.azureedge.net/api/MDG_0000000003?$top=1000&$skip=2000,2026-09-07T16:04:25Z,2e01fc92d5163587827d437aa994a27fec941f5ecd1f90c938407c51b6b28751,data_identical,618952->618952
who.gho.mdg-0000000003,https://ghoapi.azureedge.net/api/MDG_0000000003?$top=1000&$skip=3000,2026-09-07T16:04:31Z,fa41e538c9104ed7951b92ebf2b4a8d2f24bb887c7d1e54c70019fa01b6e5b4b,data_identical,616853->616853
who.gho.mdg-0000000003,https://ghoapi.azureedge.net/api/MDG_0000000003?$top=1000&$skip=4000,2026-09-07T16:04:35Z,37b2fd459e2854d9006962f2cdcaac8085ebde5e69079dc311da343708d00506,data_identical,617547->617547
who.gho.mdg-0000000003,https://ghoapi.azureedge.net/api/MDG_0000000003?$top=1000&$skip=5000,2026-09-07T16:04:39Z,bf7cc8943cff2ca8a3e00c769e313154acaa2ffd8eded810df661fe8b082d647,data_identical,618105->618105
who.gho.mdg-0000000003,https://ghoapi.azureedge.net/api/MDG_0000000003?$top=1000&$skip=6000,2026-09-07T16:04:43Z,e140a55fa008c86b5ac94f8fe94238acb54e1e2182578525e8eb4d6ce0d392d6,data_identical,618696->618696
who.gho.mdg-0000000003,https://ghoapi.azureedge.net/api/MDG_0000000003?$top=1000&$skip=7000,2026-09-07T16:04:48Z,c3312e47e53e7fbf96d400645addd6b9ba2960129fcf5666f7516fdf7ff7dbe4,data_identical,433549->433549
who.gho.air-35,https://ghoapi.azureedge.net/api/AIR_35?$top=1000,2026-09-07T15:17:15Z,4e502a3308c7bd21d34f1a2ffafa3828598ecf98ee682683ae01cf10ecab6b7e,data_identical,610897->610897
who.gho.air-35,https://ghoapi.azureedge.net/api/AIR_35?$top=1000&$skip=1000,2026-09-07T15:17:32Z,152caf5e3bb05ed0ca062983de2867605f2fe57a4ef7d7673bc8a9fba466c16a,data_identical,611629->611629
who.gho.air-35,https://ghoapi.azureedge.net/api/AIR_35?$top=1000&$skip=2000,2026-09-07T15:17:45Z,aa09f38766d759e1c5961fc0572aef3c812e207a18f9284fa511c3ede81d9060,data_identical,612411->612411
who.gho.air-35,https://ghoapi.azureedge.net/api/AIR_35?$top=1000&$skip=3000,2026-09-07T15:18:00Z,f0ca8b71744e51640bb2aa91adb0e015b15c5129d5efb50e702cf179e3a1d788,data_identical,235575->235575
who.gho.malaria-imported,https://ghoapi.azureedge.net/api/MALARIA_IMPORTED?$top=1000,2026-09-07T16:04:05Z,e1ccf292b5e3ca18708cb5fe7f6a493faa6b982b5a45c0b35f07723838de23a6,data_identical,331488->331488
who.gho.hepatitis-hbv-treatment-anc-percent,https://ghoapi.azureedge.net/api/HEPATITIS_HBV_TREATMENT_ANC_PERCENT?$top=1000,2026-09-07T16:03:04Z,d00fd1ea51f117ea9e7a885a2217628a366b7bbf8ba86e35862e21201358ea21,data_identical,67130->67130
who.gho.wsh-hygiene-basic,https://ghoapi.azureedge.net/api/WSH_HYGIENE_BASIC?$top=1000,2026-09-07T16:41:44Z,f5a8d7282d24246e000e3d723552b005e64138a5d4f59585b4162aab3a955dba,data_identical,596800->596800
who.gho.wsh-hygiene-basic,https://ghoapi.azureedge.net/api/WSH_HYGIENE_BASIC?$top=1000&$skip=1000,2026-09-07T16:41:50Z,5bb1896057f4fe70d7abeaa01f3c6c749244136eb05f56a6d0dda4259d7b0402,data_identical,596787->596787
who.gho.wsh-hygiene-basic,https://ghoapi.azureedge.net/api/WSH_HYGIENE_BASIC?$top=1000&$skip=2000,2026-09-07T16:41:55Z,fc33f463224da2440a8164791e27afecab54492b3f66d1d46f52d71157ba9409,data_identical,596944->596944
who.gho.wsh-hygiene-basic,https://ghoapi.azureedge.net/api/WSH_HYGIENE_BASIC?$top=1000&$skip=3000,2026-09-07T16:41:59Z,e91a17ffb865917c204a4e7bcf8922afc91d572837ea4f920663a91383d1c9d2,data_identical,597146->597146
who.gho.wsh-hygiene-basic,https://ghoapi.azureedge.net/api/WSH_HYGIENE_BASIC?$top=1000&$skip=4000,2026-09-07T16:42:03Z,b723a6f249f0dab275b111335d324275c6d7bf5c53b5a042673bc4a83867c466,data_identical,596815->596815
who.gho.wsh-hygiene-basic,https://ghoapi.azureedge.net/api/WSH_HYGIENE_BASIC?$top=1000&$skip=5000,2026-09-07T16:42:08Z,d3bc8f5e0ac29075d9dd27d9aedcdad43461b37e95339904bee2f2afbe819ad9,data_identical,233538->233538
who.gho.air-42,https://ghoapi.azureedge.net/api/AIR_42?$top=1000,2026-09-07T15:18:04Z,d8f0b8d900a8d3350b2ee2e8a4d3c1c5e35d9a53080e3f6bd255dbfcc18299fa,data_identical,598657->598657
who.gho.air-42,https://ghoapi.azureedge.net/api/AIR_42?$top=1000&$skip=1000,2026-09-07T15:18:17Z,12b5c881d6ab00d4cc249341e9d20369055b15a46ac21c46ffc71535cedd28a1,data_identical,600037->600037
who.gho.air-42,https://ghoapi.azureedge.net/api/AIR_42?$top=1000&$skip=2000,2026-09-07T15:18:28Z,ca19b9339cc09370309532630b25092c029fcb6555f59d3d3ab98898aacf3445,data_identical,600442->600442
who.gho.air-42,https://ghoapi.azureedge.net/api/AIR_42?$top=1000&$skip=3000,2026-09-07T15:18:36Z,94a53c42903c9b9cf6c6672d9eaee787128aa7914ce7116896f1764278df9f1a,data_identical,273657->273657
who.gho.tb-1,https://ghoapi.azureedge.net/api/TB_1?$top=1000,2026-09-07T16:35:17Z,5ac68dc1f3807f42e8b7c0ee2568b701d9b2376b59653ae791c5384f0bfbc256,data_identical,573477->573477
who.gho.tb-1,https://ghoapi.azureedge.net/api/TB_1?$top=1000&$skip=1000,2026-09-07T16:35:32Z,aae584ed1c371ec85249982f77b35ac2a88fe2317f5f91c9cbc0e03dcf6b41e4,data_identical,573280->573280
who.gho.tb-1,https://ghoapi.azureedge.net/api/TB_1?$top=1000&$skip=2000,2026-09-07T16:35:42Z,ce675eda2a69e492cc12e6e6a4eee27f0d12bc2777a8e22ee08d03ab0e77f4ce,data_identical,573027->573027
who.gho.tb-1,https://ghoapi.azureedge.net/api/TB_1?$top=1000&$skip=3000,2026-09-07T16:35:50Z,ed79540332e30efdc39daa861834ccf90697f38ddfd7e70d47789a534113c726,data_identical,573766->573766
who.gho.tb-1,https://ghoapi.azureedge.net/api/TB_1?$top=1000&$skip=4000,2026-09-07T16:35:57Z,35d7a69ebc91380952521e7a7fb313027ba718a8820e7ba0a42c272068ab5cae,data_identical,573467->573467
who.gho.tb-1,https://ghoapi.azureedge.net/api/TB_1?$top=1000&$skip=5000,2026-09-07T16:36:09Z,4ce5058f064ae2856777c9a75d18062be0d6bef9214f15ee3be9d365fcbcaab7,data_identical,5239->5239
who.gho.ncd-hyp-treatment-a,https://ghoapi.azureedge.net/api/NCD_HYP_TREATMENT_A?$top=1000,2026-09-07T16:22:12Z,5e5388ffde812bbbfc333af8cc2d587ec32ff3afed11bc1bfd61055fcc479823,data_identical,597971->597971
who.gho.ncd-hyp-treatment-a,https://ghoapi.azureedge.net/api/NCD_HYP_TREATMENT_A?$top=1000&$skip=1000,2026-09-07T16:22:23Z,336124fea1679318416c4f92a80275fbe536481010b8615eb1738a693ec80503,data_identical,598663->598663
who.gho.ncd-hyp-treatment-a,https://ghoapi.azureedge.net/api/NCD_HYP_TREATMENT_A?$top=1000&$skip=2000,2026-09-07T16:22:41Z,55c4c62e5a7c226e9338ce5041f765879fe60fd899ea17f23d9789df96194703,data_identical,598186->598186
who.gho.ncd-hyp-treatment-a,https://ghoapi.azureedge.net/api/NCD_HYP_TREATMENT_A?$top=1000&$skip=3000,2026-09-07T16:22:59Z,6ad1fbca576a40837c4bbf0f9559a5f7f3f9ecf751176e9e7aa4e50f596092c2,data_identical,598938->598938
who.gho.ncd-hyp-treatment-a,https://ghoapi.azureedge.net/api/NCD_HYP_TREATMENT_A?$top=1000&$skip=4000,2026-09-07T16:23:16Z,d55a608b90c135b00dd40a989d0e0861dcf387f974198a6ccd78844fb1f85cfe,data_identical,599295->599295
who.gho.ncd-hyp-treatment-a,https://ghoapi.azureedge.net/api/NCD_HYP_TREATMENT_A?$top=1000&$skip=5000,2026-09-07T16:23:36Z,1ecd139961dcc5cf7df60fb98775acdc4803dde74c35629ee3f01a4570f293d9,data_identical,597527->597527
who.gho.ncd-hyp-treatment-a,https://ghoapi.azureedge.net/api/NCD_HYP_TREATMENT_A?$top=1000&$skip=6000,2026-09-07T16:23:46Z,61a06dbddd6096310d893affcf56ba2e008c8d8d87f13f4a1fca6b9451da665b,data_identical,598089->598089
who.gho.ncd-hyp-treatment-a,https://ghoapi.azureedge.net/api/NCD_HYP_TREATMENT_A?$top=1000&$skip=7000,2026-09-07T16:24:00Z,b369d949cc3678302297bc0542d15cb36b807374fcf82233686faaf4e09a553b,data_identical,598479->598479
who.gho.ncd-hyp-treatment-a,https://ghoapi.azureedge.net/api/NCD_HYP_TREATMENT_A?$top=1000&$skip=8000,2026-09-07T16:24:13Z,a2a14b46262a184bf4053bf45909a5486862e9e68318bc0d5ac770678ecea936,data_identical,598649->598649
who.gho.ncd-hyp-treatment-a,https://ghoapi.azureedge.net/api/NCD_HYP_TREATMENT_A?$top=1000&$skip=9000,2026-09-07T16:24:22Z,e9a213b534c9f901c8db83515c67e1e2e10759eb7814b3eba3914d7a91174163,data_identical,598540->598540
who.gho.ncd-hyp-treatment-a,https://ghoapi.azureedge.net/api/NCD_HYP_TREATMENT_A?$top=1000&$skip=10000,2026-09-07T16:24:39Z,9e47ded804f2789643d8502edda0d033c39c7f8f61734ddf87b1118782435867,data_identical,597776->597776
who.gho.ncd-hyp-treatment-a,https://ghoapi.azureedge.net/api/NCD_HYP_TREATMENT_A?$top=1000&$skip=11000,2026-09-07T16:24:51Z,e664e0e55fc9c83fa8548e898206bec85f74262cf8f2f83c1f80f0d83de28445,data_identical,598209->598209
who.gho.ncd-hyp-treatment-a,https://ghoapi.azureedge.net/api/NCD_HYP_TREATMENT_A?$top=1000&$skip=12000,2026-09-07T16:24:58Z,0bfa6eb5c5d5b361852f3907739a4dd335dcdcc0edc58631347f5cfce489aacd,data_identical,597845->597845
who.gho.ncd-hyp-treatment-a,https://ghoapi.azureedge.net/api/NCD_HYP_TREATMENT_A?$top=1000&$skip=13000,2026-09-07T16:27:08Z,b26e30e2be2d8c6bfd51cbedd9ca236a56fe310b22b88c11fabd5f7877c5cb09,data_identical,597927->597927
who.gho.ncd-hyp-treatment-a,https://ghoapi.azureedge.net/api/NCD_HYP_TREATMENT_A?$top=1000&$skip=14000,2026-09-07T16:27:24Z,a77c897ae9307d2e5974ff97f05b949c347d14373524f3021e3058fa74c2ae8c,data_identical,598496->598496
who.gho.ncd-hyp-treatment-a,https://ghoapi.azureedge.net/api/NCD_HYP_TREATMENT_A?$top=1000&$skip=15000,2026-09-07T16:27:39Z,a0c1270941d7e649b6b200034ad23903abdb8aa431cf7c723005930b6866950b,data_identical,600312->600312
who.gho.ncd-hyp-treatment-a,https://ghoapi.azureedge.net/api/NCD_HYP_TREATMENT_A?$top=1000&$skip=16000,2026-09-07T16:27:57Z,c5e60ee9b460d819a3c5a9dd9f325aea305b3cfe8ff6c9af69a51d8d0b6fe707,data_identical,598178->598178
who.gho.ncd-hyp-treatment-a,https://ghoapi.azureedge.net/api/NCD_HYP_TREATMENT_A?$top=1000&$skip=17000,2026-09-07T16:28:14Z,09623f719bef2e4d7a541468c1bd7634d1983ffadc7828192cafd094bd3fa755,data_identical,597885->597885
who.gho.ncd-hyp-treatment-a,https://ghoapi.azureedge.net/api/NCD_HYP_TREATMENT_A?$top=1000&$skip=18000,2026-09-07T16:28:37Z,37669e1a6cdd6130dadb761dec767dad58074d950af004b8399c30bc99810bc3,data_identical,599007->599007
who.gho.ncd-hyp-treatment-a,https://ghoapi.azureedge.net/api/NCD_HYP_TREATMENT_A?$top=1000&$skip=19000,2026-09-07T16:28:58Z,230f27c5c18b47cc2f4ea8f805f68ffc2ea7cc3bf78cb40286503c33826fcbe6,data_identical,137420->137420
who.gho.ncd-bmi-18a,https://ghoapi.azureedge.net/api/NCD_BMI_18A?$top=1000,2026-09-07T16:12:06Z,5e62562513e99c8369b72b686c10929030a18f948b9d22e6fdba05ed7e371244,data_identical,612859->612859
who.gho.ncd-bmi-18a,https://ghoapi.azureedge.net/api/NCD_BMI_18A?$top=1000&$skip=1000,2026-09-07T16:12:10Z,68aeee153956c317309f7df18194e79d1584c060dab2aaa8eab08fbf34f9c2e2,data_identical,612743->612743
who.gho.ncd-bmi-18a,https://ghoapi.azureedge.net/api/NCD_BMI_18A?$top=1000&$skip=2000,2026-09-07T16:12:14Z,115d8e7cf431421c0ac92d8fb6013b7ac43bb4aa83a8ac01dd6145af3b83d42b,data_identical,611581->611581
who.gho.ncd-bmi-18a,https://ghoapi.azureedge.net/api/NCD_BMI_18A?$top=1000&$skip=3000,2026-09-07T16:12:17Z,0d8c6dd3a5352c2bcc8fdf0f12bf011ad9ec5566ba4dac840f3e741fe4f61e98,data_identical,615829->615829
who.gho.ncd-bmi-18a,https://ghoapi.azureedge.net/api/NCD_BMI_18A?$top=1000&$skip=4000,2026-09-07T16:12:21Z,ffda810b48a7f086403036559ed67b338a44603469c948535685c9f315424045,data_identical,613544->613544
who.gho.ncd-bmi-18a,https://ghoapi.azureedge.net/api/NCD_BMI_18A?$top=1000&$skip=5000,2026-09-07T16:12:26Z,e87c01b7a3b5238ac4a673569ba89db4e9534b493f72e53f789a55ac82694321,data_identical,616523->616523
who.gho.ncd-bmi-18a,https://ghoapi.azureedge.net/api/NCD_BMI_18A?$top=1000&$skip=6000,2026-09-07T16:12:31Z,44fea4aff859a1daec3fe5c382f77715c7618ca11a1d253121550475d1378b2b,data_identical,612932->612932
who.gho.ncd-bmi-18a,https://ghoapi.azureedge.net/api/NCD_BMI_18A?$top=1000&$skip=7000,2026-09-07T16:12:35Z,79a2f2a5d3f661d0160d00443616d678f010ba0d8b29801525574f0f58870165,data_identical,613971->613971
who.gho.ncd-bmi-18a,https://ghoapi.azureedge.net/api/NCD_BMI_18A?$top=1000&$skip=8000,2026-09-07T16:12:39Z,d4035a1e91c9be1bd3d71c8512a2b4250f4b5dcfb3e524a944a6444534fa5cc0,data_identical,614034->614034
who.gho.ncd-bmi-18a,https://ghoapi.azureedge.net/api/NCD_BMI_18A?$top=1000&$skip=9000,2026-09-07T16:14:47Z,f93de95f4fb16889c20eb0b817147aa10e8f59ac7c0569eb2637d561d819ac2b,data_identical,614154->614154
who.gho.ncd-bmi-18a,https://ghoapi.azureedge.net/api/NCD_BMI_18A?$top=1000&$skip=10000,2026-09-07T16:14:52Z,75abd19964a9d3ef50e25fa7629d487a1228eb67dace06ee860360a3ff2ebaee,data_identical,614037->614037
who.gho.ncd-bmi-18a,https://ghoapi.azureedge.net/api/NCD_BMI_18A?$top=1000&$skip=11000,2026-09-07T16:15:00Z,e78c5da65bef8f6fda605b904979ef2ec2e5c29b13573f52d774f03086a9cd9c,data_identical,614115->614115
who.gho.ncd-bmi-18a,https://ghoapi.azureedge.net/api/NCD_BMI_18A?$top=1000&$skip=12000,2026-09-07T16:15:07Z,5c6c57bdfa758663d62e2b3512c49d849c287e2078cc6a2d1423a0a99845630d,data_identical,614666->614666
who.gho.ncd-bmi-18a,https://ghoapi.azureedge.net/api/NCD_BMI_18A?$top=1000&$skip=13000,2026-09-07T16:15:12Z,bbf9ab1a05e284105dbfa1424eca752c1aa6a6bc43117f3f8f233ac323198cbd,data_identical,614400->614400
who.gho.ncd-bmi-18a,https://ghoapi.azureedge.net/api/NCD_BMI_18A?$top=1000&$skip=14000,2026-09-07T16:15:17Z,be3ea4efb7b3ab181f11c1236176e0e552287ea6c9e7b83022173fe408775c91,data_identical,614033->614033
who.gho.ncd-bmi-18a,https://ghoapi.azureedge.net/api/NCD_BMI_18A?$top=1000&$skip=15000,2026-09-07T16:15:23Z,bf3b8643cae8a0cd835291ea6f375a36dd4cd2e93abd4f4103947743b914859e,data_identical,614173->614173
who.gho.ncd-bmi-18a,https://ghoapi.azureedge.net/api/NCD_BMI_18A?$top=1000&$skip=16000,2026-09-07T16:15:34Z,fe88c4f1fac9773d941cb96ec99fd0e0c80d676572dae3cf4644bb32807d1a3f,data_identical,614219->614219
who.gho.ncd-bmi-18a,https://ghoapi.azureedge.net/api/NCD_BMI_18A?$top=1000&$skip=17000,2026-09-07T16:15:39Z,c56ac1451e71cd534c13da74066a8eb3c155ba5e37878df1d90ac4d06438ffbc,data_identical,613870->613870
who.gho.ncd-bmi-18a,https://ghoapi.azureedge.net/api/NCD_BMI_18A?$top=1000&$skip=18000,2026-09-07T16:15:46Z,df0040839acfc8c0b43b4468317a8e5872bf28362948d02db51c6c075f6d65c6,data_identical,614187->614187
who.gho.ncd-bmi-18a,https://ghoapi.azureedge.net/api/NCD_BMI_18A?$top=1000&$skip=19000,2026-09-07T16:15:55Z,ade6837b29ee420ce2d5abff34fff9c6dbfc6d40c74f8a8ccc6c5fd478a6b4e2,data_identical,614000->614000
who.gho.ncd-bmi-18a,https://ghoapi.azureedge.net/api/NCD_BMI_18A?$top=1000&$skip=20000,2026-09-07T16:16:01Z,7d7b0a6681d8d49597e4c7d8cc3146906edf296397ea9709e6818724efae1d08,data_identical,614153->614153
who.gho.ncd-bmi-18a,https://ghoapi.azureedge.net/api/NCD_BMI_18A?$top=1000&$skip=21000,2026-09-07T16:16:08Z,8fff969b6d86c1ded2965b77648026152a35084876019bd64d691c7460586868,data_identical,614062->614062
who.gho.ncd-bmi-18a,https://ghoapi.azureedge.net/api/NCD_BMI_18A?$top=1000&$skip=22000,2026-09-07T16:16:15Z,506967e1f1174b2b944f9a6bb7044829cd9a5ce704f68347763008f86faf8306,data_identical,614366->614366
who.gho.ncd-bmi-18a,https://ghoapi.azureedge.net/api/NCD_BMI_18A?$top=1000&$skip=23000,2026-09-07T16:16:22Z,f2b51f8baff41a8ae181907d22322fc406d11b1faebf4b19aeb9020802fc8929,data_identical,614160->614160
who.gho.ncd-bmi-18a,https://ghoapi.azureedge.net/api/NCD_BMI_18A?$top=1000&$skip=24000,2026-09-07T16:16:30Z,b633f084ec6df990df6e727ce60d2ceaf814eb57b5a3394c9a46a487dd805a83,data_identical,614057->614057
who.gho.ncd-bmi-18a,https://ghoapi.azureedge.net/api/NCD_BMI_18A?$top=1000&$skip=25000,2026-09-07T16:16:39Z,a011ca28bd230f2ef9560cd552326da3d5a1f3193f279411d3da2d3986a9dec1,data_identical,614110->614110
who.gho.ncd-bmi-18a,https://ghoapi.azureedge.net/api/NCD_BMI_18A?$top=1000&$skip=26000,2026-09-07T16:16:50Z,610f887295551300191acf37f3e1b2ad67e5bf883d6287a68e5eb3854a9fee97,data_identical,614273->614273
who.gho.ncd-bmi-18a,https://ghoapi.azureedge.net/api/NCD_BMI_18A?$top=1000&$skip=27000,2026-09-07T16:16:56Z,de0e7e9a6a4efd7564ac9151def5c44cfabac7284b5ce596ee540106a096489d,data_identical,613845->613845
who.gho.ncd-bmi-18a,https://ghoapi.azureedge.net/api/NCD_BMI_18A?$top=1000&$skip=28000,2026-09-07T16:17:03Z,c2ce44a2761312cbe67d4731aa0c82730f08b6b2328717fb1b96b971bece0514,data_identical,214826->214826
who.gho.malaria-est-cases,https://ghoapi.azureedge.net/api/MALARIA_EST_CASES?$top=1000,2026-09-07T16:03:52Z,82c5eff1f8bbe10b85b381ba78f5606da69873bdc035a1f395c7f7368295b1c8,data_identical,595707->595707
who.gho.malaria-est-cases,https://ghoapi.azureedge.net/api/MALARIA_EST_CASES?$top=1000&$skip=1000,2026-09-07T16:03:57Z,ebf2a77590fcbcf72d6ebd1e90742b6dbb1f0f0f89c8fc50c8603d8f4da0f25a,data_identical,595908->595908
who.gho.malaria-est-cases,https://ghoapi.azureedge.net/api/MALARIA_EST_CASES?$top=1000&$skip=2000,2026-09-07T16:04:02Z,d30def8aa02e2f24f36c6885e6baa0ef4e4181fe874c56c4382493376cc6ea97,data_identical,536155->536155
who.gho.sa-0000001728,https://ghoapi.azureedge.net/api/SA_0000001728?$top=1000,2026-09-07T16:34:00Z,128acb7824f5b36c75d92f841fb2b1c6d186c4894b74260db5049e629c23d11d,data_identical,175513->175513
who.gho.cm-04,https://ghoapi.azureedge.net/api/CM_04?$top=1000,2026-09-07T15:58:30Z,02b37dc134a87aa5eac72d99c43102a523354994013c2fca0049b224e83128bd,data_identical,609801->609801
who.gho.cm-04,https://ghoapi.azureedge.net/api/CM_04?$top=1000&$skip=1000,2026-09-07T15:58:34Z,d500ecde34fe790d6ebd28fd29fb4a315a0186fb0c2c090d20eb1552ba3c5c0b,data_identical,611192->611192
who.gho.cm-04,https://ghoapi.azureedge.net/api/CM_04?$top=1000&$skip=2000,2026-09-07T15:58:39Z,6b8af4c18b7fa05229a58ca807948d72fca157ff67a4453b05917ccbc8a45edc,data_identical,611865->611865
who.gho.cm-04,https://ghoapi.azureedge.net/api/CM_04?$top=1000&$skip=3000,2026-09-07T15:58:43Z,33cff2750e6ab53de57874a9e2b73ee792b2608d303adff24fe8439baa3293a7,data_identical,612047->612047
who.gho.cm-04,https://ghoapi.azureedge.net/api/CM_04?$top=1000&$skip=4000,2026-09-07T15:58:48Z,32ad3b628afcb9437a50f47482ec6b273aff37935144ca7fc3e7aca1725008f7,data_identical,611335->611335
who.gho.cm-04,https://ghoapi.azureedge.net/api/CM_04?$top=1000&$skip=5000,2026-09-07T15:58:51Z,092c15e36a427c6912ff4c699188b0e04764521b1c3ca8a5f28a6f751df0c306,data_identical,611916->611916
who.gho.cm-04,https://ghoapi.azureedge.net/api/CM_04?$top=1000&$skip=6000,2026-09-07T15:58:57Z,5825ac67a0aa630e38dfc399e6e3a77d8fe44b0cb13415580a4f6459dc208189,data_identical,610940->610940
who.gho.cm-04,https://ghoapi.azureedge.net/api/CM_04?$top=1000&$skip=7000,2026-09-07T15:59:01Z,a62f381fe311bf234b8dedf98c230132193161319e9b6243c053eb03e92cb26e,data_identical,612074->612074
who.gho.cm-04,https://ghoapi.azureedge.net/api/CM_04?$top=1000&$skip=8000,2026-09-07T15:59:06Z,e9fa45c2090fe2323c270a7edc5425cbc11c624f640375a3b9e61fe889871d15,data_identical,612137->612137
who.gho.cm-04,https://ghoapi.azureedge.net/api/CM_04?$top=1000&$skip=9000,2026-09-07T15:59:10Z,a5edfe8642a05d2fc22bf031f03f1c1bbc30e8eade3aea6b890a748b9e221745,data_identical,611557->611557
who.gho.cm-04,https://ghoapi.azureedge.net/api/CM_04?$top=1000&$skip=10000,2026-09-07T15:59:15Z,fc2327bbdc2ae4d3d89929e2f3dd68c16ef5181e4be47024c1eed33e640973a6,data_identical,611839->611839
who.gho.cm-04,https://ghoapi.azureedge.net/api/CM_04?$top=1000&$skip=11000,2026-09-07T15:59:20Z,a0d6d0b512b5a703c2b0cb6fd148fc5e82a35f2ebde35bee5e2868a5ea520915,data_identical,612171->612171
who.gho.cm-04,https://ghoapi.azureedge.net/api/CM_04?$top=1000&$skip=12000,2026-09-07T15:59:24Z,3966650897560c91ae49a9072415a080f16d2dd3f820a889952e3f884bd519e8,data_identical,611820->611820
who.gho.cm-04,https://ghoapi.azureedge.net/api/CM_04?$top=1000&$skip=13000,2026-09-07T15:59:28Z,c55510e0f204dc3415a6b920b11ba7d24eb73c6bb5a9fd2ea43dc80477c1a3c7,data_identical,611889->611889
who.gho.cm-04,https://ghoapi.azureedge.net/api/CM_04?$top=1000&$skip=14000,2026-09-07T15:59:32Z,0135e16778da4e2c35a49f4b10c39b66937c9995bd38b9ddc32f63105790ec05,data_identical,611831->611831
who.gho.cm-04,https://ghoapi.azureedge.net/api/CM_04?$top=1000&$skip=15000,2026-09-07T15:59:35Z,80c1197a676a0d789a027f17e18840cafc6d22540bb9238d51125936d10c72ab,data_identical,612131->612131
who.gho.cm-04,https://ghoapi.azureedge.net/api/CM_04?$top=1000&$skip=16000,2026-09-07T15:59:39Z,75c25d27d0d93060f7ca09d3d90e2303a5af6a7495bf587824b964ccc186571d,data_identical,611726->611726
who.gho.cm-04,https://ghoapi.azureedge.net/api/CM_04?$top=1000&$skip=17000,2026-09-07T15:59:44Z,c98748eabff3ada783450725844a59a073b013b77f8da5ed40bb35cfaebd2115,data_identical,612388->612388
who.gho.cm-04,https://ghoapi.azureedge.net/api/CM_04?$top=1000&$skip=18000,2026-09-07T15:59:48Z,2c748dbe9874729ee1a63f7ebbd7f88e2503b33bc53edab9dde71b48fb0db989,data_identical,612288->612288
who.gho.cm-04,https://ghoapi.azureedge.net/api/CM_04?$top=1000&$skip=19000,2026-09-07T15:59:52Z,e97043da3a55c6fcb6e1965895054b7a841feb6c8ae5c8635f58b36fc42cd5d6,data_identical,612681->612681
who.gho.cm-04,https://ghoapi.azureedge.net/api/CM_04?$top=1000&$skip=20000,2026-09-07T15:59:57Z,373eb7578d5a2d4f390db60465f6de469f45f27c7c66fbd5717ca0d059c2c7a7,data_identical,612018->612018
who.gho.cm-04,https://ghoapi.azureedge.net/api/CM_04?$top=1000&$skip=21000,2026-09-07T16:00:00Z,c3b25c7792058a9a2401220d3f0b8baaa2752a8947d2f6ed8929889cc61b0c0a,data_identical,612225->612225
who.gho.cm-04,https://ghoapi.azureedge.net/api/CM_04?$top=1000&$skip=22000,2026-09-07T16:00:04Z,9bee8df3a6a6e858d86856443e507ecd7c5c6d8ab7547f063d98f1f05238153e,data_identical,611434->611434
who.gho.cm-04,https://ghoapi.azureedge.net/api/CM_04?$top=1000&$skip=23000,2026-09-07T16:00:09Z,a731698e86bcc1ea7754f7ba5be7724c45a74a5652dfd6b78ebe36575a4e1c5e,data_identical,612080->612080
who.gho.cm-04,https://ghoapi.azureedge.net/api/CM_04?$top=1000&$skip=24000,2026-09-07T16:00:14Z,c2523704367422e06d99df5116a435fd8ec3cb7396143cf64b0f49363389eca4,data_identical,611770->611770
who.gho.cm-04,https://ghoapi.azureedge.net/api/CM_04?$top=1000&$skip=25000,2026-09-07T16:00:18Z,69c7bd8f35d82bd9ee23f5f1d9461b2c224926acf0d107b88b73129ceb5d598c,data_identical,611856->611856
who.gho.cm-04,https://ghoapi.azureedge.net/api/CM_04?$top=1000&$skip=26000,2026-09-07T16:00:26Z,91cda5d5f281b51e012837ecd641c9b459361d8b9cbc971fea9007c6b326e07f,data_identical,88993->88993
who.gho.hiv-0000000023,https://ghoapi.azureedge.net/api/HIV_0000000023?$top=1000,2026-09-07T16:03:20Z,8e10fe8b85416e21de39851329cc4a2807f9380f3814243695b43b3f72e08a73,bytes_identical,
who.gho.hiv-0000000023,https://ghoapi.azureedge.net/api/HIV_0000000023?$top=1000&$skip=1000,2026-09-07T16:03:24Z,5f1f6c489b03bcba26d188b2305f448db216837820759bed33bffe2c3b77c599,bytes_identical,
who.gho.hiv-0000000023,https://ghoapi.azureedge.net/api/HIV_0000000023?$top=1000&$skip=2000,2026-09-07T16:03:29Z,9335e04da9439cc2270009732eb4f80d4baacf918e2f1397d41f22fa0774703f,bytes_identical,
who.gho.rhr-npsv,https://ghoapi.azureedge.net/api/RHR_NPSV?$top=1000,2026-09-07T16:31:03Z,fdae37df3e8b5803f8cd2fd7732cd5d5466fb041d34887184d1de386beca629b,data_identical,178987->178987
who.gho.tobacco-mpower-p2-smokefreeplacedetails,https://ghoapi.azureedge.net/api/TOBACCO_MPOWER_P2_SMOKEFREEPLACEDETAILS?$top=1000,2026-09-07T16:39:26Z,9c56318f8f482329c87ae3bd47bcf1ae74d4416b175e1a9bec5153f0d8316949,data_identical,627167->627167
who.gho.tobacco-mpower-p2-smokefreeplacedetails,https://ghoapi.azureedge.net/api/TOBACCO_MPOWER_P2_SMOKEFREEPLACEDETAILS?$top=1000&$skip=1000,2026-09-07T16:39:34Z,82f7558b1a1d611f33363175f0932222b945bf659ae2b8a14c291d6ef4f672f5,data_identical,627378->627378
who.gho.tobacco-mpower-p2-smokefreeplacedetails,https://ghoapi.azureedge.net/api/TOBACCO_MPOWER_P2_SMOKEFREEPLACEDETAILS?$top=1000&$skip=2000,2026-09-07T16:39:40Z,d57f846663a5839ff901dd81267754d69c61592ab9ad63842090ae0054e29ef3,data_identical,627469->627469
who.gho.tobacco-mpower-p2-smokefreeplacedetails,https://ghoapi.azureedge.net/api/TOBACCO_MPOWER_P2_SMOKEFREEPLACEDETAILS?$top=1000&$skip=3000,2026-09-07T16:39:48Z,dd0efc3b8dc20007f791df6b65fbfa153d4a3c3b78c9d3e17fa88c7f99646f74,data_identical,627401->627401
who.gho.tobacco-mpower-p2-smokefreeplacedetails,https://ghoapi.azureedge.net/api/TOBACCO_MPOWER_P2_SMOKEFREEPLACEDETAILS?$top=1000&$skip=4000,2026-09-07T16:39:55Z,f96be28a51d36d70b5a34486727eae1bc6b9325b5a299139eeeb57b5ce65d6cf,data_identical,626871->626871
who.gho.tobacco-mpower-p2-smokefreeplacedetails,https://ghoapi.azureedge.net/api/TOBACCO_MPOWER_P2_SMOKEFREEPLACEDETAILS?$top=1000&$skip=5000,2026-09-07T16:40:05Z,b4ddf6b4b157d5dad6e6e9494560300883722a9b3afa7f51ea9ed86cf93efd41,data_identical,627749->627749
who.gho.tobacco-mpower-p2-smokefreeplacedetails,https://ghoapi.azureedge.net/api/TOBACCO_MPOWER_P2_SMOKEFREEPLACEDETAILS?$top=1000&$skip=6000,2026-09-07T16:40:14Z,d7b67fa5c0223e516445284c4634e4bd23bf9d1b82794d6a02682c080042bcbb,data_identical,627498->627498
who.gho.tobacco-mpower-p2-smokefreeplacedetails,https://ghoapi.azureedge.net/api/TOBACCO_MPOWER_P2_SMOKEFREEPLACEDETAILS?$top=1000&$skip=7000,2026-09-07T16:40:20Z,9f99658e990a18e20486b32064aae6ae4fe0c28a322219cc80975ebeab964da7,data_identical,627631->627631
who.gho.tobacco-mpower-p2-smokefreeplacedetails,https://ghoapi.azureedge.net/api/TOBACCO_MPOWER_P2_SMOKEFREEPLACEDETAILS?$top=1000&$skip=8000,2026-09-07T16:40:29Z,8413c7917e6287dbc1842c31de20191a0a633257c410494635745bdd7a652899,data_identical,627171->627171
who.gho.tobacco-mpower-p2-smokefreeplacedetails,https://ghoapi.azureedge.net/api/TOBACCO_MPOWER_P2_SMOKEFREEPLACEDETAILS?$top=1000&$skip=9000,2026-09-07T16:40:42Z,d41cdf53ecc510c13c8055722bc547c766ba787b7d940f0485f4782090a5580f,data_identical,627231->627231
who.gho.tobacco-mpower-p2-smokefreeplacedetails,https://ghoapi.azureedge.net/api/TOBACCO_MPOWER_P2_SMOKEFREEPLACEDETAILS?$top=1000&$skip=10000,2026-09-07T16:40:50Z,931922b53132b000745a481901253203d65781ac18bc007ddf4e2f0c6038d014,data_identical,627792->627792
who.gho.tobacco-mpower-p2-smokefreeplacedetails,https://ghoapi.azureedge.net/api/TOBACCO_MPOWER_P2_SMOKEFREEPLACEDETAILS?$top=1000&$skip=11000,2026-09-07T16:41:01Z,5b2d715660e5b3b6058746821a7d7ec70d5f9424ed40713ccdf6609471d43716,data_identical,627488->627488
who.gho.tobacco-mpower-p2-smokefreeplacedetails,https://ghoapi.azureedge.net/api/TOBACCO_MPOWER_P2_SMOKEFREEPLACEDETAILS?$top=1000&$skip=12000,2026-09-07T16:41:11Z,3f4d695ff6e9104935d2a7a5eaffe032a48994514964e9e83e3a03d3b4d82539,data_identical,627331->627331
who.gho.tobacco-mpower-p2-smokefreeplacedetails,https://ghoapi.azureedge.net/api/TOBACCO_MPOWER_P2_SMOKEFREEPLACEDETAILS?$top=1000&$skip=13000,2026-09-07T16:41:23Z,f23c1e8ef987eaad7c58008ce00577e0408aa739fef40f0c5fd9ccf525da26ea,data_identical,407694->407694
who.gho.ntd-lepr8,https://ghoapi.azureedge.net/api/NTD_LEPR8?$top=1000,2026-09-07T16:30:20Z,d5e9be0a9598c9aba3186c1ddc22f3b662c83a4f6dea3d7f15d5dc70d8c25868,data_changed,549660->550372
who.gho.ntd-lepr8,https://ghoapi.azureedge.net/api/NTD_LEPR8?$top=1000&$skip=1000,2026-09-07T16:30:45Z,49e4888fb5b1ccaf84e0c723959579ab39a792ae5d83f10144b296036f0d417f,data_changed,549794->549784
who.gho.ntd-lepr8,https://ghoapi.azureedge.net/api/NTD_LEPR8?$top=1000&$skip=2000,2026-09-07T16:30:59Z,db94900835f3a8ecb1662511eb346ad246c5690f5d866ee99d52a48101296a3a,data_changed,286962->393585
who.gho.whs4-154,https://ghoapi.azureedge.net/api/WHS4_154?$top=1000,2026-09-07T16:41:33Z,268b63556910d0c12956a0c1e8ba38b7674e1bd15318bf096f4505b98188342f,data_identical,596843->596843
who.gho.whs4-154,https://ghoapi.azureedge.net/api/WHS4_154?$top=1000&$skip=1000,2026-09-07T16:41:38Z,d663a057e98f515174ddc1333b36dff7ddd6caa847c267f74e072ecb2cf7a6db,data_identical,98927->98927
who.gho.mdg-0000000007,https://ghoapi.azureedge.net/api/MDG_0000000007?$top=1000,2026-09-07T16:04:52Z,cad637d9cec276ac392bf559cc38fa485a866a790893f2f9ec6978c3683be098,data_identical,656202->656202
who.gho.mdg-0000000007,https://ghoapi.azureedge.net/api/MDG_0000000007?$top=1000&$skip=1000,2026-09-07T16:04:56Z,9369d1ec1a28afa2c307351a7cfed53c916516f2b3b98ec5cfc50ded71b7bb2d,data_identical,658626->658626
who.gho.mdg-0000000007,https://ghoapi.azureedge.net/api/MDG_0000000007?$top=1000&$skip=2000,2026-09-07T16:05:01Z,2d19e1a5feef11031fcef2eb348a63716b7d9af0b12984a0fb537e9e7aa4bc0e,data_identical,659914->659914
who.gho.mdg-0000000007,https://ghoapi.azureedge.net/api/MDG_0000000007?$top=1000&$skip=3000,2026-09-07T16:05:06Z,a219a21e2a4a95392243a29cf5cbc1c8d97eb7dc1c558013a297fec93ae9794d,data_identical,658969->658969
who.gho.mdg-0000000007,https://ghoapi.azureedge.net/api/MDG_0000000007?$top=1000&$skip=4000,2026-09-07T16:05:09Z,9066130499c7baf60dcd8fc9b6b13c0d5fc9f9a3e87d253828d79381abd08ff1,data_identical,660006->660006
who.gho.mdg-0000000007,https://ghoapi.azureedge.net/api/MDG_0000000007?$top=1000&$skip=5000,2026-09-07T16:05:14Z,6205b585146a991595d7d8d5d3c50df0dd2cc5097310aa5a09a739e4cf1b3052,data_identical,663729->663729
who.gho.mdg-0000000007,https://ghoapi.azureedge.net/api/MDG_0000000007?$top=1000&$skip=6000,2026-09-07T16:05:18Z,f66c8acba372ae63d1c8e353decc94b3e7f8ea0ab1897937e7e4ae448b4a1c9f,data_identical,657505->657505
who.gho.mdg-0000000007,https://ghoapi.azureedge.net/api/MDG_0000000007?$top=1000&$skip=7000,2026-09-07T16:05:22Z,2bd49e664eeae72f0e7bf2c32bc65dbc1e517051d3e5c78ccd3ac3e18e37b9ee,data_identical,660332->660332
who.gho.mdg-0000000007,https://ghoapi.azureedge.net/api/MDG_0000000007?$top=1000&$skip=8000,2026-09-07T16:05:26Z,1363df2b3da09f61e4b74ce859e6728c03690c61948626b6cfb8c8f25cd94d62,data_identical,659541->659541
who.gho.mdg-0000000007,https://ghoapi.azureedge.net/api/MDG_0000000007?$top=1000&$skip=9000,2026-09-07T16:05:31Z,a90a9bba0858ed7828284c19dc4b4cd25a0af96d3bdab673d8ab1e20d7b682e3,data_identical,656834->656834
who.gho.mdg-0000000007,https://ghoapi.azureedge.net/api/MDG_0000000007?$top=1000&$skip=10000,2026-09-07T16:05:35Z,bcafb05f6fe890d73c4879cb80c7ebab1dd2eeda12d74cd05bc1d7703cdca562,data_identical,660768->660768
who.gho.mdg-0000000007,https://ghoapi.azureedge.net/api/MDG_0000000007?$top=1000&$skip=11000,2026-09-07T16:05:38Z,28a5f6808180f0fca3f64af2796c93ba6c1c4d526ed7df8b7ad487583cddfeb7,data_identical,659294->659294
who.gho.mdg-0000000007,https://ghoapi.azureedge.net/api/MDG_0000000007?$top=1000&$skip=12000,2026-09-07T16:05:43Z,0bdfcfeb6714e472ffdc04c7143e9801570bf53166e8bdc8565e698262b54835,data_identical,659793->659793
who.gho.mdg-0000000007,https://ghoapi.azureedge.net/api/MDG_0000000007?$top=1000&$skip=13000,2026-09-07T16:05:48Z,1609a76f5ecc0e9adc4f52a2e2063e742065073938a0fba9375043a48ff960cf,data_identical,658193->658193
who.gho.mdg-0000000007,https://ghoapi.azureedge.net/api/MDG_0000000007?$top=1000&$skip=14000,2026-09-07T16:05:52Z,f44dce2e8a23ec9b02c10f0148aec6d1fbcdd68030ba475221d61ee734423840,data_identical,657876->657876
who.gho.mdg-0000000007,https://ghoapi.azureedge.net/api/MDG_0000000007?$top=1000&$skip=15000,2026-09-07T16:05:57Z,c8e786907d46b83616a5c3e16487ebcf91347a6b4287fd75bead049d7d401d9f,data_identical,656914->656914
who.gho.mdg-0000000007,https://ghoapi.azureedge.net/api/MDG_0000000007?$top=1000&$skip=16000,2026-09-07T16:06:02Z,1adff4f5f376e451e6828b66415ae88f6605a3893e3994279ccef357b705f5df,data_identical,659648->659648
who.gho.mdg-0000000007,https://ghoapi.azureedge.net/api/MDG_0000000007?$top=1000&$skip=17000,2026-09-07T16:06:07Z,9445f1b065fa3a17de426cf571e1a49b592e078d564db0b8968440de45465354,data_identical,661118->661118
who.gho.mdg-0000000007,https://ghoapi.azureedge.net/api/MDG_0000000007?$top=1000&$skip=18000,2026-09-07T16:06:11Z,e868f3030ca568fac848cc3ecede264f4f582a081b58a9466278d3f201222857,data_identical,659393->659393
who.gho.mdg-0000000007,https://ghoapi.azureedge.net/api/MDG_0000000007?$top=1000&$skip=19000,2026-09-07T16:06:16Z,615f6bfccb8732c626ceea06890b1f9a336cfed26e4d1dc51242e04d4baff624,data_identical,661687->661687
who.gho.mdg-0000000007,https://ghoapi.azureedge.net/api/MDG_0000000007?$top=1000&$skip=20000,2026-09-07T16:06:21Z,1819ad2538c74b357bbb685116da5cb8dadf8da99143ff415a6b6e885f7caddf,data_identical,655252->655252
who.gho.mdg-0000000007,https://ghoapi.azureedge.net/api/MDG_0000000007?$top=1000&$skip=21000,2026-09-07T16:06:26Z,083ef708c2ee36a4f944fa882dea2e39960b6d60f215029544ebe17ad8a41af7,data_identical,660740->660740
who.gho.mdg-0000000007,https://ghoapi.azureedge.net/api/MDG_0000000007?$top=1000&$skip=22000,2026-09-07T16:06:29Z,f6ed878259384ab41a64877462b467902804c82d277a777af75bc068e2d57733,data_identical,657769->657769
who.gho.mdg-0000000007,https://ghoapi.azureedge.net/api/MDG_0000000007?$top=1000&$skip=23000,2026-09-07T16:06:34Z,2774fa4e213c89f56ff93a7aeeaa2c8781b3c058047b18bb86db1d132a358bb6,data_identical,662446->662446
who.gho.mdg-0000000007,https://ghoapi.azureedge.net/api/MDG_0000000007?$top=1000&$skip=24000,2026-09-07T16:08:38Z,ad9f959b97c6b7598fa23e0801aba0cc031644d39b5ab58d36b02d1872019c92,data_identical,664132->664132
who.gho.mdg-0000000007,https://ghoapi.azureedge.net/api/MDG_0000000007?$top=1000&$skip=25000,2026-09-07T16:08:41Z,d67f78e4b8d9158e58b70f04460dfae3f356a072222e108cf2b2e6c1d3e7fb60,data_identical,657608->657608
who.gho.mdg-0000000007,https://ghoapi.azureedge.net/api/MDG_0000000007?$top=1000&$skip=26000,2026-09-07T16:08:45Z,9b23f1f1b45b5d97123f0618af7f4a61249d173eeb812e084ddedcd7e4d1170d,data_identical,661879->661879
who.gho.mdg-0000000007,https://ghoapi.azureedge.net/api/MDG_0000000007?$top=1000&$skip=27000,2026-09-07T16:08:50Z,957169f3a50ebff96f72af9ea16c929ccd81746683b66e36da7f3963a650e7b6,data_identical,659057->659057
who.gho.mdg-0000000007,https://ghoapi.azureedge.net/api/MDG_0000000007?$top=1000&$skip=28000,2026-09-07T16:08:54Z,e3873ac72928f61dac09c2c381a5f2d4ecd0c0e94ad75fde518cff5b20de2a64,data_identical,659535->659535
who.gho.mdg-0000000007,https://ghoapi.azureedge.net/api/MDG_0000000007?$top=1000&$skip=29000,2026-09-07T16:08:59Z,81b3460c41a86761ef8441794d9530320ab6ab4e9a223ccb310583e976e866b9,data_identical,658136->658136
who.gho.mdg-0000000007,https://ghoapi.azureedge.net/api/MDG_0000000007?$top=1000&$skip=30000,2026-09-07T16:09:03Z,df09845b881e5960d44b2a2832a5aede41217e21cfabc3d05a5ffd999e52eb2f,data_identical,657897->657897
who.gho.mdg-0000000007,https://ghoapi.azureedge.net/api/MDG_0000000007?$top=1000&$skip=31000,2026-09-07T16:09:08Z,96acbc2bc7cb3e96c744662ab3db761b984d2c79912fc76c3ccca67da63e1162,data_identical,657539->657539
who.gho.mdg-0000000007,https://ghoapi.azureedge.net/api/MDG_0000000007?$top=1000&$skip=32000,2026-09-07T16:09:13Z,86e8fac132bdf3f6ff0037919494c75ff2ac5552ebc3181bfc63bdcd3c0002c4,data_identical,662458->662458
who.gho.mdg-0000000007,https://ghoapi.azureedge.net/api/MDG_0000000007?$top=1000&$skip=33000,2026-09-07T16:09:18Z,1f3ac080847ddea8a195a2f9a6393e721d5f755ce4daa5feb7802b222c3d187c,data_identical,662599->662599
who.gho.mdg-0000000007,https://ghoapi.azureedge.net/api/MDG_0000000007?$top=1000&$skip=34000,2026-09-07T16:09:22Z,b03be7779b077c1f3df7326e396a4350f743f78d1c9d99e2ef59853726135d0b,data_identical,659183->659183
who.gho.mdg-0000000007,https://ghoapi.azureedge.net/api/MDG_0000000007?$top=1000&$skip=35000,2026-09-07T16:09:26Z,3ee37906b339a538798152687efa6da48836e16af3ebb2344f9f958466f0bcae,data_identical,654794->654794
who.gho.mdg-0000000007,https://ghoapi.azureedge.net/api/MDG_0000000007?$top=1000&$skip=36000,2026-09-07T16:09:30Z,3a49f2d0e7d2353ee8f078479aa2b41f74cab562982c1a6c772e3f0ee08d1e2f,data_identical,660236->660236
who.gho.mdg-0000000007,https://ghoapi.azureedge.net/api/MDG_0000000007?$top=1000&$skip=37000,2026-09-07T16:09:34Z,f7f0902b11942266bde5e9389484c40e93a245be7f34cf6ca5c1a9bcb4f5ecf0,data_identical,657592->657592
who.gho.mdg-0000000007,https://ghoapi.azureedge.net/api/MDG_0000000007?$top=1000&$skip=38000,2026-09-07T16:09:38Z,81612038db745c630eb9abf069a482c448b09f0625d0789be4cbb8a71ea25bc9,data_identical,658387->658387
who.gho.mdg-0000000007,https://ghoapi.azureedge.net/api/MDG_0000000007?$top=1000&$skip=39000,2026-09-07T16:09:41Z,845bd0fc2e92a3f33f18b6541c0fc12d1f5655dc1afb5906a74a1f2334e64557,data_identical,660104->660104
who.gho.mdg-0000000007,https://ghoapi.azureedge.net/api/MDG_0000000007?$top=1000&$skip=40000,2026-09-07T16:09:46Z,716d23d235edebf83c4a146394b7891a8d9ac859ad3492bdcb9116d3ebc737dc,data_identical,661613->661613
who.gho.mdg-0000000007,https://ghoapi.azureedge.net/api/MDG_0000000007?$top=1000&$skip=41000,2026-09-07T16:09:51Z,f1aadb8321254f654bbdd9abba2fc58d34dc67ece8013d6e292e1934ce846207,data_identical,661518->661518
who.gho.mdg-0000000007,https://ghoapi.azureedge.net/api/MDG_0000000007?$top=1000&$skip=42000,2026-09-07T16:09:54Z,3426e3999bb4e295a155afac49c4c27cc3a6c338eada732db70bf9c8a69e433f,data_identical,659136->659136
who.gho.mdg-0000000007,https://ghoapi.azureedge.net/api/MDG_0000000007?$top=1000&$skip=43000,2026-09-07T16:09:59Z,e41937f31aea0c997755939b8bb0398b1f28353c85155311ac832c0b1f02a311,data_identical,658399->658399
who.gho.mdg-0000000007,https://ghoapi.azureedge.net/api/MDG_0000000007?$top=1000&$skip=44000,2026-09-07T16:10:03Z,9bcc9b7e7da487313b205c3d47f5c94d5d4f686cdca0cced99c5fd1870c89cdd,data_identical,656363->656363
who.gho.mdg-0000000007,https://ghoapi.azureedge.net/api/MDG_0000000007?$top=1000&$skip=45000,2026-09-07T16:10:07Z,28c6cde3082cc503fb02936a37386c33e9ba1cbf31fe3ae2ddc349bea94b7d4a,data_identical,661327->661327
who.gho.mdg-0000000007,https://ghoapi.azureedge.net/api/MDG_0000000007?$top=1000&$skip=46000,2026-09-07T16:10:12Z,af10f639113ac1abdb2ee79e15a75eaed0e2b654f111f475a0bfb6e3762fc029,data_identical,661835->661835
who.gho.mdg-0000000007,https://ghoapi.azureedge.net/api/MDG_0000000007?$top=1000&$skip=47000,2026-09-07T16:10:17Z,ca4dbf4e12d63c28f08f15af95c124ec5412a1d9bd0da53367f5374721c27af1,data_identical,662525->662525
who.gho.mdg-0000000007,https://ghoapi.azureedge.net/api/MDG_0000000007?$top=1000&$skip=48000,2026-09-07T16:10:21Z,3e9ba1677574dd6ae5d3cb3fb9c4e3a549e580a1bd1f267fecb78ded54208d26,data_identical,663148->663148
who.gho.mdg-0000000007,https://ghoapi.azureedge.net/api/MDG_0000000007?$top=1000&$skip=49000,2026-09-07T16:10:24Z,808a2a46070d51663ca90dbbe299de1c872e2da2849033de16bb27a1e0796766,data_identical,659196->659196
who.gho.mdg-0000000007,https://ghoapi.azureedge.net/api/MDG_0000000007?$top=1000&$skip=50000,2026-09-07T16:10:30Z,d2101d8df79b967a2eddb6968ad4fee001e0de732289a4c40e2158e53dc0f803,data_identical,659814->659814
who.gho.mdg-0000000007,https://ghoapi.azureedge.net/api/MDG_0000000007?$top=1000&$skip=51000,2026-09-07T16:10:33Z,0396663e197ae9a116986fbd261f5b78f1e43cbb53b86f67132061adac51d09e,data_identical,663718->663718
who.gho.mdg-0000000007,https://ghoapi.azureedge.net/api/MDG_0000000007?$top=1000&$skip=52000,2026-09-07T16:10:37Z,dfd3d6a5a74514f9dce28fe3fc065c90ab0a79bcdf69670f3b57ee5daf5039cd,data_identical,659935->659935
who.gho.mdg-0000000007,https://ghoapi.azureedge.net/api/MDG_0000000007?$top=1000&$skip=53000,2026-09-07T16:10:41Z,4752b74784e19161efa4497ba96a6f4c04867281ef613f395976991c49fc27f1,data_identical,659184->659184
who.gho.mdg-0000000007,https://ghoapi.azureedge.net/api/MDG_0000000007?$top=1000&$skip=54000,2026-09-07T16:10:45Z,53a7d24c459b5e7bc0bb33001bf294bbe076fc0c2f645eb712c049971be84a37,data_identical,654980->654980
who.gho.mdg-0000000007,https://ghoapi.azureedge.net/api/MDG_0000000007?$top=1000&$skip=55000,2026-09-07T16:10:49Z,6866f52a9543b8814d5b9944e83f00419133bc9964d05434fc378beffb8183b6,data_identical,658706->658706
who.gho.mdg-0000000007,https://ghoapi.azureedge.net/api/MDG_0000000007?$top=1000&$skip=56000,2026-09-07T16:10:53Z,9a5808e2a757327032f7d9031869627c41a9f25ed7cc58d767b60ba03104cb40,data_identical,659176->659176
who.gho.mdg-0000000007,https://ghoapi.azureedge.net/api/MDG_0000000007?$top=1000&$skip=57000,2026-09-07T16:10:58Z,4d8f6ed359608e9376af1db64be099a3f8466aea2b9dcd829ff63696bcbbf613,data_identical,659931->659931
who.gho.mdg-0000000007,https://ghoapi.azureedge.net/api/MDG_0000000007?$top=1000&$skip=58000,2026-09-07T16:11:01Z,fc76d9a7e10de3f886d0a72f1da0a3877c35dac60fedff953715d01282cf29cf,data_identical,659847->659847
who.gho.mdg-0000000007,https://ghoapi.azureedge.net/api/MDG_0000000007?$top=1000&$skip=59000,2026-09-07T16:11:06Z,078c7101acceb980578ed7eefdfee4dc42efe920199910340902f7ef7c868438,data_identical,659159->659159
who.gho.mdg-0000000007,https://ghoapi.azureedge.net/api/MDG_0000000007?$top=1000&$skip=60000,2026-09-07T16:11:10Z,9f3e1e4fe296cfd33ac88327b52b0b0b823da89162daeb1ff6ee2a9417c0465e,data_identical,658593->658593
who.gho.mdg-0000000007,https://ghoapi.azureedge.net/api/MDG_0000000007?$top=1000&$skip=61000,2026-09-07T16:11:14Z,c1ae2408f442fe9ce092497208fa0150cf5cce976cf1159e7428b58c0b8b7c4f,data_identical,662621->662621
who.gho.mdg-0000000007,https://ghoapi.azureedge.net/api/MDG_0000000007?$top=1000&$skip=62000,2026-09-07T16:11:18Z,85c02b5f4e3c1e5e2823949c372081336eda3ab11473c789c0c9facc7e7ceea1,data_identical,658284->658284
who.gho.mdg-0000000007,https://ghoapi.azureedge.net/api/MDG_0000000007?$top=1000&$skip=63000,2026-09-07T16:11:22Z,4e9c288e3adb6333a8081e6b861bf6a93b84957613d8d47f83db2a9b7a0a0217,data_identical,658016->658016
who.gho.mdg-0000000007,https://ghoapi.azureedge.net/api/MDG_0000000007?$top=1000&$skip=64000,2026-09-07T16:11:26Z,f3f9061ab4f771066574bbb1c5a5c2f89cf0610f068c4e62e9afac2a1c8bb2aa,data_identical,333133->333133
who.gho.vaccinecoverage-mena-c,https://ghoapi.azureedge.net/api/VACCINECOVERAGE_MENA_C?$top=1000,2026-09-07T16:41:28Z,59cf89fc21dc5901d50e3e9dba7ef1903ab2347e4500e3d54278a9b1e9fb3d2a,data_identical,174485->174485
who.gho.childmort5to14,https://ghoapi.azureedge.net/api/CHILDMORT5TO14?$top=1000,2026-09-07T15:24:56Z,bb5806d2a4ddd47ecfdf63e02b6ff9dec86413e0935c51770bd70b7d7e441a8c,data_identical,620969->620969
who.gho.childmort5to14,https://ghoapi.azureedge.net/api/CHILDMORT5TO14?$top=1000&$skip=1000,2026-09-07T15:26:00Z,6f862eebd3050f7936a2bbcd99e70ab65fd91108fbede91b90dea347eb4a3ab0,data_identical,619728->619728
who.gho.childmort5to14,https://ghoapi.azureedge.net/api/CHILDMORT5TO14?$top=1000&$skip=2000,2026-09-07T15:27:03Z,6606ab9611933ce5be4f47182d2d1b325dee9c8ea5100efc74288c950fef39b3,data_identical,622867->622867
who.gho.childmort5to14,https://ghoapi.azureedge.net/api/CHILDMORT5TO14?$top=1000&$skip=3000,2026-09-07T15:28:06Z,baf395d2bb9432fc2089a3414bd2c0015b8df7c8ae1ab7571ea8f90f97d58c20,data_identical,623558->623558
who.gho.childmort5to14,https://ghoapi.azureedge.net/api/CHILDMORT5TO14?$top=1000&$skip=4000,2026-09-07T15:29:09Z,d9d9741ac093437d0283907d5f6af7414ba8f21bc4a67bae63f50a6d1ae07fb9,data_identical,622525->622525
who.gho.childmort5to14,https://ghoapi.azureedge.net/api/CHILDMORT5TO14?$top=1000&$skip=5000,2026-09-07T15:34:11Z,c3cbe0185de38bc3c518022d5bb6b2f0972cb4fc409de3c8f48ff8d359717c2f,data_identical,619788->619788
who.gho.childmort5to14,https://ghoapi.azureedge.net/api/CHILDMORT5TO14?$top=1000&$skip=6000,2026-09-07T15:34:27Z,ba80e3f91624182f1e9ea696352fc2e4f90d9d42a52ac153341b925c82b4017a,data_identical,620187->620187
who.gho.childmort5to14,https://ghoapi.azureedge.net/api/CHILDMORT5TO14?$top=1000&$skip=7000,2026-09-07T15:34:38Z,4b173ae546ddf3111ffb4bd7b7e3397b1dcc7ba5e303e81e0233bcab265d9a29,data_identical,626051->626051
who.gho.childmort5to14,https://ghoapi.azureedge.net/api/CHILDMORT5TO14?$top=1000&$skip=8000,2026-09-07T15:34:54Z,fb98ecade720ce5d240b185bb959ac65ad549b0b9b0988953d6cecf0d4937587,data_identical,622501->622501
who.gho.childmort5to14,https://ghoapi.azureedge.net/api/CHILDMORT5TO14?$top=1000&$skip=9000,2026-09-07T15:36:15Z,7bb82e1f36d478b504090e1e24679356cd4c2d8fe6e3e19528b4e5dbeb524cbb,data_identical,623867->623867
who.gho.childmort5to14,https://ghoapi.azureedge.net/api/CHILDMORT5TO14?$top=1000&$skip=10000,2026-09-07T15:37:19Z,cc5260c948907bd3ba1e03d28da16cc25a345d0c6f5fce77cd76aa42816b0187,data_identical,623231->623231
who.gho.childmort5to14,https://ghoapi.azureedge.net/api/CHILDMORT5TO14?$top=1000&$skip=11000,2026-09-07T15:38:23Z,898dc16616e308ae926cfc8c9b939e905692e8ceb3ec60888f938581a20023b1,data_identical,622205->622205
who.gho.childmort5to14,https://ghoapi.azureedge.net/api/CHILDMORT5TO14?$top=1000&$skip=12000,2026-09-07T15:39:27Z,7fe7243f50c65dff5ea341cba9d62928626e081edcb2d58ef3c8ed0c47925a1a,data_identical,626162->626162
who.gho.childmort5to14,https://ghoapi.azureedge.net/api/CHILDMORT5TO14?$top=1000&$skip=13000,2026-09-07T15:42:30Z,8117be898ae94d782748de02ebfd7e1cef1e13032feaaf226e35dd96b761d91b,data_identical,621454->621454
who.gho.childmort5to14,https://ghoapi.azureedge.net/api/CHILDMORT5TO14?$top=1000&$skip=14000,2026-09-07T15:43:34Z,f519480369afbce001b38a0e66358ebb76b78ae7990828633dad5e7aba26f907,data_identical,624430->624430
who.gho.childmort5to14,https://ghoapi.azureedge.net/api/CHILDMORT5TO14?$top=1000&$skip=15000,2026-09-07T15:44:37Z,ce43ab0c81b0d148eddf484cbaea94633df99ccde13b44d955cf6048d1768722,data_identical,621412->621412
who.gho.childmort5to14,https://ghoapi.azureedge.net/api/CHILDMORT5TO14?$top=1000&$skip=16000,2026-09-07T15:45:41Z,93fc66b44659b860672817c5708936a9567a665a3ea5a32a78292c740c871dff,data_identical,621714->621714
who.gho.childmort5to14,https://ghoapi.azureedge.net/api/CHILDMORT5TO14?$top=1000&$skip=17000,2026-09-07T15:46:44Z,944a4d2517cf2d73a83ed99ea1e0257d6d42e4a97ee432208258059350b11fd8,data_identical,622562->622562
who.gho.childmort5to14,https://ghoapi.azureedge.net/api/CHILDMORT5TO14?$top=1000&$skip=18000,2026-09-07T15:49:13Z,876c56f281bb1868677bf1f55de2b7ceb6a35f9e4e674136b75284de91971422,data_identical,622640->622640
who.gho.childmort5to14,https://ghoapi.azureedge.net/api/CHILDMORT5TO14?$top=1000&$skip=19000,2026-09-07T15:49:34Z,8b8fb38d83c3702116209b536040a032d3a4039ad25628f2e942c22d92a76880,data_identical,623021->623021
who.gho.childmort5to14,https://ghoapi.azureedge.net/api/CHILDMORT5TO14?$top=1000&$skip=20000,2026-09-07T15:49:48Z,45cd978a34f6662dfc51cb108c6f681b5da30e3e214b1cb5c783bb3036534a7a,data_identical,620419->620419
who.gho.childmort5to14,https://ghoapi.azureedge.net/api/CHILDMORT5TO14?$top=1000&$skip=21000,2026-09-07T15:50:08Z,425b1bac756da7ff9994297f6f9caae6c5d2e38807c6658f07484baed5e34f02,data_identical,620657->620657
who.gho.childmort5to14,https://ghoapi.azureedge.net/api/CHILDMORT5TO14?$top=1000&$skip=22000,2026-09-07T15:50:23Z,3476d3550e8fd40cafa09b0412216ea62ea72fd7554abd6e0d976384f137bc9f,data_identical,623460->623460
who.gho.childmort5to14,https://ghoapi.azureedge.net/api/CHILDMORT5TO14?$top=1000&$skip=23000,2026-09-07T15:50:30Z,8a2b1fce4eca2b4fd79b00cfd1e15b9b21ffa70798314f58d12904e2c075a0ab,data_identical,622591->622591
who.gho.childmort5to14,https://ghoapi.azureedge.net/api/CHILDMORT5TO14?$top=1000&$skip=24000,2026-09-07T15:50:37Z,c9054f2cb62c66ebf8f736ef7c99b587844467913d660568d8ef113166033b01,data_identical,621444->621444
who.gho.childmort5to14,https://ghoapi.azureedge.net/api/CHILDMORT5TO14?$top=1000&$skip=25000,2026-09-07T15:50:43Z,445278c60eeb4f64e5751db41ebf961d717df4521c145574b63e9496d83f7bff,data_identical,623097->623097
who.gho.childmort5to14,https://ghoapi.azureedge.net/api/CHILDMORT5TO14?$top=1000&$skip=26000,2026-09-07T15:50:48Z,eaa8b7e867cd4415e13419fd47e26a92fba8504134443494a3a39d667d7e51b5,data_identical,91813->91813
who.gho.tb-rr-mdr,https://ghoapi.azureedge.net/api/TB_rr_mdr?$top=1000,2026-09-07T16:36:23Z,bbb60ec36409b9ccfbf38bb4dba900141c4c598bac7f5ff49eec179325696457,data_identical,555265->555265
who.gho.tb-rr-mdr,https://ghoapi.azureedge.net/api/TB_rr_mdr?$top=1000&$skip=1000,2026-09-07T16:36:37Z,bc83d97082e701b7ae676ca51b91343b71ed7af77a8862db4e55d3f9546f301c,data_identical,554948->554948
who.gho.tb-rr-mdr,https://ghoapi.azureedge.net/api/TB_rr_mdr?$top=1000&$skip=2000,2026-09-07T16:36:48Z,0ca1875c6e2bf31c4c047d08bc587e4420e2c915b595cb44c3f2b0f9cd4cd8fe,data_identical,555027->555027
who.gho.tb-rr-mdr,https://ghoapi.azureedge.net/api/TB_rr_mdr?$top=1000&$skip=3000,2026-09-07T16:36:59Z,f6d23936dbf052ec3c9dcdc1f48729a4709e2f98505eb45fa4106196f6f5c764,data_identical,375014->375014
who.gho.taxbev-vatspecial-lohi,https://ghoapi.azureedge.net/api/TAXBEV_VATSPECIAL_LOHI?$top=1000,2026-09-07T16:35:11Z,ec5dab724738c44913bc4474e04862cdcce53a4615012e19559f06b2c85630e0,data_identical,98272->98272
who.gho.tobacco-mpower-m4-prevalence,https://ghoapi.azureedge.net/api/TOBACCO_MPOWER_M4_PREVALENCE?$top=1000,2026-09-07T16:37:08Z,9711d241732a1464ed605d516a0ea3f128ce3c79466aa63d469e9d076ae67af0,data_identical,625156->625156
who.gho.tobacco-mpower-m4-prevalence,https://ghoapi.azureedge.net/api/TOBACCO_MPOWER_M4_PREVALENCE?$top=1000&$skip=1000,2026-09-07T16:37:15Z,b41b97fe71229f9baa200999c26f63b65a97891f66a64b53702640a423ba4ee7,data_identical,624548->624548
who.gho.tobacco-mpower-m4-prevalence,https://ghoapi.azureedge.net/api/TOBACCO_MPOWER_M4_PREVALENCE?$top=1000&$skip=2000,2026-09-07T16:39:22Z,d5f18de6e4c0a69f617b7c243214362224150393b971e2527a80e6f8abcb7636,data_identical,212531->212531
who.gho.bp-03,https://ghoapi.azureedge.net/api/BP_03?$top=1000,2026-09-07T15:19:14Z,8488ac28ea61b7f8df766f6c87163d617f622df7fa2d25338bac9661df8fe640,data_identical,610553->610553
who.gho.bp-03,https://ghoapi.azureedge.net/api/BP_03?$top=1000&$skip=1000,2026-09-07T15:19:22Z,aad661313cc06c3b51de0c7459cf7d5679d25416ac376bbba31dde528dfda406,data_identical,611572->611572
who.gho.bp-03,https://ghoapi.azureedge.net/api/BP_03?$top=1000&$skip=2000,2026-09-07T15:19:27Z,c982290c0a320da1eee9dbc7a8bbec8aef8bd8546f0797b66e4e4ceb3b931883,data_identical,611410->611410
who.gho.bp-03,https://ghoapi.azureedge.net/api/BP_03?$top=1000&$skip=3000,2026-09-07T15:19:36Z,714627fb70a8b096af52a6eef7a647c83db0ab6426fd0a5eb95506f81ad6025a,data_identical,611510->611510
who.gho.bp-03,https://ghoapi.azureedge.net/api/BP_03?$top=1000&$skip=4000,2026-09-07T15:19:40Z,b6a1f4beaec8d31ffc975d1a17172fe27fc9f661c2a70eb5b2166cfb734e963f,data_identical,611292->611292
who.gho.bp-03,https://ghoapi.azureedge.net/api/BP_03?$top=1000&$skip=5000,2026-09-07T15:19:48Z,2ce75450ce1cf2e388ff5a721e7c0bd51c8bf11de554a96e739db2cf4fe42b2c,data_identical,611841->611841
who.gho.bp-03,https://ghoapi.azureedge.net/api/BP_03?$top=1000&$skip=6000,2026-09-07T15:19:53Z,d95d650c14bc726f10b8a15d092e13172abb785898d9270a4f89662a8dbae947,data_identical,611186->611186
who.gho.bp-03,https://ghoapi.azureedge.net/api/BP_03?$top=1000&$skip=7000,2026-09-07T15:20:00Z,506adb1b96cd961a423a1156c37eaad3d1453228c4ac37e4cce3e0c8da1a1ad5,data_identical,612278->612278
who.gho.bp-03,https://ghoapi.azureedge.net/api/BP_03?$top=1000&$skip=8000,2026-09-07T15:20:09Z,0aa2d6a814db5b4af8c0b3fdac4b26ada2f761382aae492bb2789a5459a3415d,data_identical,612071->612071
who.gho.bp-03,https://ghoapi.azureedge.net/api/BP_03?$top=1000&$skip=9000,2026-09-07T15:20:14Z,bff4c182d101a49ac7dfce4818b23654e230f5d39a1fbb58acfc400a138bdaef,data_identical,611116->611116
who.gho.bp-03,https://ghoapi.azureedge.net/api/BP_03?$top=1000&$skip=10000,2026-09-07T15:20:21Z,b1df1e1cb799409138797dd437b0b154de469a457679f653f59780c9bddf68aa,data_identical,610956->610956
who.gho.bp-03,https://ghoapi.azureedge.net/api/BP_03?$top=1000&$skip=11000,2026-09-07T15:20:26Z,b64dde7cfeff85c54ec638a8e64549649b9ca1388cfdfc325307ace035c4deaf,data_identical,611772->611772
who.gho.bp-03,https://ghoapi.azureedge.net/api/BP_03?$top=1000&$skip=12000,2026-09-07T15:20:33Z,2027c101a368f79598e9a8aa83792ccb610edf9733f2db2e46ec8f2648f9cb7a,data_identical,612043->612043
who.gho.bp-03,https://ghoapi.azureedge.net/api/BP_03?$top=1000&$skip=13000,2026-09-07T15:20:41Z,ae26eb42433447242e8c4dc16dffad12dbbd191a974eee0fd001295ed6958b0b,data_identical,610976->610976
who.gho.bp-03,https://ghoapi.azureedge.net/api/BP_03?$top=1000&$skip=14000,2026-09-07T15:20:49Z,813ad9b341b49bd1dd9e154ebd42ee98acb9333b81c68b78dece5bdafbaf2ba9,data_identical,611968->611968
who.gho.bp-03,https://ghoapi.azureedge.net/api/BP_03?$top=1000&$skip=15000,2026-09-07T15:20:59Z,c4218aab1f7553da4bd45a66a4979e4a6521489f4abac39ca7e174c48a483b9e,data_identical,611483->611483
who.gho.bp-03,https://ghoapi.azureedge.net/api/BP_03?$top=1000&$skip=16000,2026-09-07T15:21:18Z,c4ade1351469db99f44b6e6c06d124fb18adbb7054286c74417e50891f383e7d,data_identical,611383->611383
who.gho.bp-03,https://ghoapi.azureedge.net/api/BP_03?$top=1000&$skip=17000,2026-09-07T15:21:28Z,325054d090f4113430d41289022ea885930c211833c0219de28e4421dfb472f7,data_identical,610809->610809
who.gho.bp-03,https://ghoapi.azureedge.net/api/BP_03?$top=1000&$skip=18000,2026-09-07T15:21:53Z,a30f4049389597c308a83ad2fcd2a8fcb7dcb403c42ea24f77dedfb71a1d6591,data_identical,330877->330877
who.gho.mdg-0000000025,https://ghoapi.azureedge.net/api/MDG_0000000025?$top=1000,2026-09-07T16:11:54Z,a44ad4b7fa5f83543c3dabc638141986e9c7868feabb2511e5ea3c78143c48bb,data_identical,762175->762175
who.gho.mdg-0000000025,https://ghoapi.azureedge.net/api/MDG_0000000025?$top=1000&$skip=1000,2026-09-07T16:11:57Z,05bff69234446421e91298ba3885f9b587f855dcceb5548ee7078d78da355e6b,data_identical,741288->741288
who.gho.mdg-0000000025,https://ghoapi.azureedge.net/api/MDG_0000000025?$top=1000&$skip=2000,2026-09-07T16:12:02Z,f85926b6520d4f49aa614ef7786fdd95ed04d622bd915410177464344becd56b,data_identical,563838->563838
who.gho.cm-02,https://ghoapi.azureedge.net/api/CM_02?$top=1000,2026-09-07T15:50:52Z,3109a96dcee377e555bace2a38ede6dc85adc9f588abdb440672309566fda6eb,data_identical,614886->614886
who.gho.cm-02,https://ghoapi.azureedge.net/api/CM_02?$top=1000&$skip=1000,2026-09-07T15:50:57Z,e03fd9f601133aebad7168c78cb06646efaf76aefd9e812d41b40f584512bae1,data_identical,618833->618833
who.gho.cm-02,https://ghoapi.azureedge.net/api/CM_02?$top=1000&$skip=2000,2026-09-07T15:51:01Z,65d1a3fa0413c134a752ac3ea6fc234a1b910075b8290218b8d5e5f2ad9dae9a,data_identical,618192->618192
who.gho.cm-02,https://ghoapi.azureedge.net/api/CM_02?$top=1000&$skip=3000,2026-09-07T15:51:05Z,bd351d716a31f6f0534934b5101a9d9107ec6d757b81f17c10558929d788fb15,data_identical,619264->619264
who.gho.cm-02,https://ghoapi.azureedge.net/api/CM_02?$top=1000&$skip=4000,2026-09-07T15:51:11Z,17577dbcf3527d49958e557ee85bd608709aad99e8deb2408ca43d11175c0cf3,data_identical,618701->618701
who.gho.cm-02,https://ghoapi.azureedge.net/api/CM_02?$top=1000&$skip=5000,2026-09-07T15:51:16Z,bb01bf96bc156f5fb89bec539311ca928e3fe8b24ab78c3b3a6855d6ffc9983b,data_identical,619379->619379
who.gho.cm-02,https://ghoapi.azureedge.net/api/CM_02?$top=1000&$skip=6000,2026-09-07T15:51:21Z,1b14643329caca121f0bccdc96e7d84e2763ca6328f24ed549fda8867eec0d48,data_identical,617805->617805
who.gho.cm-02,https://ghoapi.azureedge.net/api/CM_02?$top=1000&$skip=7000,2026-09-07T15:51:25Z,b41e2575e826094b71e96722f6f4ec03673e14e816b319da41cae258cc08040d,data_identical,617910->617910
who.gho.cm-02,https://ghoapi.azureedge.net/api/CM_02?$top=1000&$skip=8000,2026-09-07T15:51:30Z,b74d44aee08e4a74415fbdddcddd3da57e86c94ba216729dc19a8ac1a2ed1899,data_identical,618361->618361
who.gho.cm-02,https://ghoapi.azureedge.net/api/CM_02?$top=1000&$skip=9000,2026-09-07T15:51:40Z,2ccf90b4d28730f23267b5735072187ffd7c4b8b91ed43ea9288376a689e3398,data_identical,618742->618742
who.gho.cm-02,https://ghoapi.azureedge.net/api/CM_02?$top=1000&$skip=10000,2026-09-07T15:51:44Z,505d97ce9093280caa2778ba58561193356f9b58edf5889d3a9190ff4fc20257,data_identical,617889->617889
who.gho.cm-02,https://ghoapi.azureedge.net/api/CM_02?$top=1000&$skip=11000,2026-09-07T15:51:50Z,b2442ef3f6e61147fb1caedc282a402beb305eab0aa404aa3adfa2adc3b50d58,data_identical,618707->618707
who.gho.cm-02,https://ghoapi.azureedge.net/api/CM_02?$top=1000&$skip=12000,2026-09-07T15:51:54Z,820134cf428bea314dad16fce7b7482f92b3da9960a46e0af2757a6504d67c67,data_identical,618627->618627
who.gho.cm-02,https://ghoapi.azureedge.net/api/CM_02?$top=1000&$skip=13000,2026-09-07T15:52:03Z,07dabadb57388aa8944bf8d0956b0e12bd98c51d55e37b926f378e1c6c90cd5b,data_identical,618643->618643
who.gho.cm-02,https://ghoapi.azureedge.net/api/CM_02?$top=1000&$skip=14000,2026-09-07T15:52:10Z,c2e07328660e26261795650db5e0f1363b94c97a4a4ef5bc6d6c264a346dda82,data_identical,619134->619134
who.gho.cm-02,https://ghoapi.azureedge.net/api/CM_02?$top=1000&$skip=15000,2026-09-07T15:52:18Z,7dbb6db1a58aaeb9030c1c49147a105ff96a803570851c2e61bf0ae2d6b572ff,data_identical,618084->618084
who.gho.cm-02,https://ghoapi.azureedge.net/api/CM_02?$top=1000&$skip=16000,2026-09-07T15:52:26Z,b536cc4a2b4cedaffacf59d6837664b58f3d6e5ed426ab169db95d24839b465e,data_identical,618423->618423
who.gho.cm-02,https://ghoapi.azureedge.net/api/CM_02?$top=1000&$skip=17000,2026-09-07T15:52:37Z,35c7d31783eb1b7cb68b80eb690a21f5e757d73ed35b3d7a8ab6dea27dd4f401,data_identical,618574->618574
who.gho.cm-02,https://ghoapi.azureedge.net/api/CM_02?$top=1000&$skip=18000,2026-09-07T15:53:02Z,206bb5f6993f46c56607175253f93606094665f4cb171aae1f42309f90c0cc01,data_identical,619091->619091
who.gho.cm-02,https://ghoapi.azureedge.net/api/CM_02?$top=1000&$skip=19000,2026-09-07T15:54:17Z,e87fb31944b562a5737c1e6bc94a9bce13bb9328fde3deb0f74ab38f4f2241ac,data_identical,618081->618081
who.gho.cm-02,https://ghoapi.azureedge.net/api/CM_02?$top=1000&$skip=20000,2026-09-07T15:56:27Z,19eb4e6c1215eaefc14871f5072d6c141e0416aca329d6ede6715fcac1513f4c,data_identical,618581->618581
who.gho.cm-02,https://ghoapi.azureedge.net/api/CM_02?$top=1000&$skip=21000,2026-09-07T15:56:37Z,c7bda929b13826eeeabd934721f2ffd8881147063240b5f1a7ae2133f7a7c388,data_identical,618210->618210
who.gho.cm-02,https://ghoapi.azureedge.net/api/CM_02?$top=1000&$skip=22000,2026-09-07T15:56:41Z,022407e160eeca9131237ae46c079b679ca16420b82e34fbcb16d7513ed7109a,data_identical,618350->618350
who.gho.cm-02,https://ghoapi.azureedge.net/api/CM_02?$top=1000&$skip=23000,2026-09-07T15:56:48Z,e962102586d95e3a88685c97e98177fd08bce86d205684b14b1e4d1b9ff95f37,data_identical,618502->618502
who.gho.cm-02,https://ghoapi.azureedge.net/api/CM_02?$top=1000&$skip=24000,2026-09-07T15:56:55Z,a5ea76265971adbfe8697f3d75ccaf3794ed7b84965891cb7b13ca4f33c9609f,data_identical,619002->619002
who.gho.cm-02,https://ghoapi.azureedge.net/api/CM_02?$top=1000&$skip=25000,2026-09-07T15:57:00Z,8ffcb12aceff365331470d6ca801b3ddf9b01292b541b68008ee5b31c3e9e2c5,data_identical,618404->618404
who.gho.cm-02,https://ghoapi.azureedge.net/api/CM_02?$top=1000&$skip=26000,2026-09-07T15:57:07Z,3cd3e5b56c9f983ccbe832ceca36d7a439fbed7adfaecd1c236797106217f47a,data_identical,618405->618405
who.gho.cm-02,https://ghoapi.azureedge.net/api/CM_02?$top=1000&$skip=27000,2026-09-07T15:57:12Z,98aa519eeacdcf6f83c944c80a7fefbc9784324f983847814cca1b483601d788,data_identical,618326->618326
who.gho.cm-02,https://ghoapi.azureedge.net/api/CM_02?$top=1000&$skip=28000,2026-09-07T15:57:17Z,89bc69b90b61599d26c648a5c5d2ec13555e0b4cbcf066c5914fb16ad1338bc8,data_identical,619445->619445
who.gho.cm-02,https://ghoapi.azureedge.net/api/CM_02?$top=1000&$skip=29000,2026-09-07T15:57:21Z,a2b5c178c29b7f287da8982693282d2fe31d256811f362d8f926108ddc0e7e79,data_identical,618343->618343
who.gho.cm-02,https://ghoapi.azureedge.net/api/CM_02?$top=1000&$skip=30000,2026-09-07T15:57:26Z,31d0241a6d3081f594176f5ffb255dc9c377b7e67cbd8e3005442a37bb69bdbd,data_identical,618205->618205
who.gho.cm-02,https://ghoapi.azureedge.net/api/CM_02?$top=1000&$skip=31000,2026-09-07T15:57:30Z,1fe49c27b9ed0b1387bd54f5688bd33aa9e97f6763ba5b5cba3ad4327ee4bc8b,data_identical,618802->618802
who.gho.cm-02,https://ghoapi.azureedge.net/api/CM_02?$top=1000&$skip=32000,2026-09-07T15:57:35Z,be5ff4c5352de0a0c1c8b33be693ec30e675e7416ce5e3a239c9f101a127f2db,data_identical,618680->618680
who.gho.cm-02,https://ghoapi.azureedge.net/api/CM_02?$top=1000&$skip=33000,2026-09-07T15:57:40Z,31068700a25d3ae9aa240da4f2dac773e9a2ed188f84ee0118253fcab8776360,data_identical,618304->618304
who.gho.cm-02,https://ghoapi.azureedge.net/api/CM_02?$top=1000&$skip=34000,2026-09-07T15:57:44Z,e141b36e0a873604619c6807cd2a43436da91fa5aa0bc26012bf231041163610,data_identical,618581->618581
who.gho.cm-02,https://ghoapi.azureedge.net/api/CM_02?$top=1000&$skip=35000,2026-09-07T15:57:49Z,8808ed0c9a0709f43761232b8de6a2c53dc99ba196328e22f17b5a4541874135,data_identical,618232->618232
who.gho.cm-02,https://ghoapi.azureedge.net/api/CM_02?$top=1000&$skip=36000,2026-09-07T15:57:54Z,3bea881db2b47f4d053c13ccfad12aae04b6179de10de1acc5a5dea236750af4,data_identical,618608->618608
who.gho.cm-02,https://ghoapi.azureedge.net/api/CM_02?$top=1000&$skip=37000,2026-09-07T15:57:59Z,531ca935f713f769f02529a63b319382e981cdff74e4fe64fa853a3c1316b10e,data_identical,618120->618120
who.gho.cm-02,https://ghoapi.azureedge.net/api/CM_02?$top=1000&$skip=38000,2026-09-07T15:58:04Z,3e19927fa86a7a2bfe27ade64752001aa815dfa36bc80f31e8675627b9f5f7b3,data_identical,618263->618263
who.gho.cm-02,https://ghoapi.azureedge.net/api/CM_02?$top=1000&$skip=39000,2026-09-07T15:58:07Z,33d1eb328c3d840c48d41cfff132bac3b53d24d2b5b004f758df1ecb79641b96,data_identical,618624->618624
who.gho.cm-02,https://ghoapi.azureedge.net/api/CM_02?$top=1000&$skip=40000,2026-09-07T15:58:12Z,02a2023435be09a3a63203b2d66ec9d99920e9dbb758a5aa9c9054f531c983e2,data_identical,617929->617929
who.gho.cm-02,https://ghoapi.azureedge.net/api/CM_02?$top=1000&$skip=41000,2026-09-07T15:58:16Z,99a1a16a015fdeeaef720813e1631842b83e75e0b002fad2ccde595bf80170aa,data_identical,618132->618132
who.gho.cm-02,https://ghoapi.azureedge.net/api/CM_02?$top=1000&$skip=42000,2026-09-07T15:58:20Z,bace8014f904636c91c2e6b6c8a15310ebaae91d03d624c8d8932ae3733bf49f,data_identical,619098->619098
who.gho.cm-02,https://ghoapi.azureedge.net/api/CM_02?$top=1000&$skip=43000,2026-09-07T15:58:25Z,6675ad1e3bc7534bebde5c99cc9120bd86e60331f31ff376e780bebe5adfde7a,data_identical,385221->385221
who.gho.wsh-water-basic,https://ghoapi.azureedge.net/api/WSH_WATER_BASIC?$top=1000,2026-09-07T16:42:11Z,fb12ed83ebc407e0d4237c9efca0a311f37f3177f5ddfb63bed49baf754998ff,data_identical,593975->593975
who.gho.wsh-water-basic,https://ghoapi.azureedge.net/api/WSH_WATER_BASIC?$top=1000&$skip=1000,2026-09-07T16:42:16Z,0d3445e9c3355c915bf120ef87e7e63a89c30191f7f3e761b1fe371d32b4c1af,data_identical,594179->594179
who.gho.wsh-water-basic,https://ghoapi.azureedge.net/api/WSH_WATER_BASIC?$top=1000&$skip=2000,2026-09-07T16:42:21Z,e60b886d79d4ac410062754491dce9e3beed8e230f4ee409afc510205f49fbf5,data_identical,593689->593689
who.gho.wsh-water-basic,https://ghoapi.azureedge.net/api/WSH_WATER_BASIC?$top=1000&$skip=3000,2026-09-07T16:42:25Z,320a4e722a0b2b34e6972bf17b6a5c2574a6549e18d936522273fb9d3a22034e,data_identical,594371->594371
who.gho.wsh-water-basic,https://ghoapi.azureedge.net/api/WSH_WATER_BASIC?$top=1000&$skip=4000,2026-09-07T16:42:30Z,1611200a70983668712227d986972bd5686470003d12b724122da41dd4316220,data_identical,594146->594146
who.gho.wsh-water-basic,https://ghoapi.azureedge.net/api/WSH_WATER_BASIC?$top=1000&$skip=5000,2026-09-07T16:42:39Z,747f0de823b0486dfab141e5e75f7f697a67e81834050703e95e7f138eb824b6,data_identical,594021->594021
who.gho.wsh-water-basic,https://ghoapi.azureedge.net/api/WSH_WATER_BASIC?$top=1000&$skip=6000,2026-09-07T16:42:46Z,4cc598483ccf87fb0cf77cc4487a62623819df55a0c209948e798ab86e56fc41,data_identical,594429->594429
who.gho.wsh-water-basic,https://ghoapi.azureedge.net/api/WSH_WATER_BASIC?$top=1000&$skip=7000,2026-09-07T16:42:51Z,0e64820c9bdded84f68beea3bd70774b17c74fba13e449f09087b9c8f42ddc6d,data_identical,594313->594313
who.gho.wsh-water-basic,https://ghoapi.azureedge.net/api/WSH_WATER_BASIC?$top=1000&$skip=8000,2026-09-07T16:42:57Z,d9e21cd1aefe7f5c29dc04a4edb35b3b05e79dacb0294b96488b23eb2f35a2c3,data_identical,594071->594071
who.gho.wsh-water-basic,https://ghoapi.azureedge.net/api/WSH_WATER_BASIC?$top=1000&$skip=9000,2026-09-07T16:43:04Z,cc1ecab797dc6da3e53d843961ec7a590402984fa5e504ae5e30468d49025aed,data_identical,594247->594247
who.gho.wsh-water-basic,https://ghoapi.azureedge.net/api/WSH_WATER_BASIC?$top=1000&$skip=10000,2026-09-07T16:43:10Z,3f478049fbf106c3e327217c95b50b1d27ccc1edf6b4c0c65f6be8de9174f0a9,data_identical,594017->594017
who.gho.wsh-water-basic,https://ghoapi.azureedge.net/api/WSH_WATER_BASIC?$top=1000&$skip=11000,2026-09-07T16:43:15Z,e4d739498b4d614e80e95c3bffa5e25d0cb5b733ca5e71f8878801ed63a1942f,data_identical,594083->594083
who.gho.wsh-water-basic,https://ghoapi.azureedge.net/api/WSH_WATER_BASIC?$top=1000&$skip=12000,2026-09-07T16:43:19Z,93e3d8263d99309895e9e0c6d29d0d22c2fe04eb8ffb7cc06232681b63a0e0e7,data_identical,593938->593938
who.gho.wsh-water-basic,https://ghoapi.azureedge.net/api/WSH_WATER_BASIC?$top=1000&$skip=13000,2026-09-07T16:43:25Z,a369801959397d81edc6f5454111129a4d079e105fde812cdbdfdee0c11377f9,data_identical,594042->594042
who.gho.wsh-water-basic,https://ghoapi.azureedge.net/api/WSH_WATER_BASIC?$top=1000&$skip=14000,2026-09-07T16:45:30Z,c02d9601917afd79a640763f393b2fb1769598ba038ac8eb92f78f15ce49b694,data_identical,519851->519851
who.gho.taxbev-importduties,https://ghoapi.azureedge.net/api/TAXBEV_IMPORTDUTIES?$top=1000,2026-09-07T16:34:27Z,cb5607e79bc5aeeff50f7281df4bd41addb1e2ac97b191af9b78321d63c2b479,data_identical,522064->522064
who.gho.sa-0000001544,https://ghoapi.azureedge.net/api/SA_0000001544?$top=1000,2026-09-07T16:33:41Z,7136508f495322c83ee2c68a63ad2271b85b53393754c603367a3828cdbcb8f3,data_identical,575945->575945
who.gho.sa-0000001544,https://ghoapi.azureedge.net/api/SA_0000001544?$top=1000&$skip=1000,2026-09-07T16:33:53Z,72fcbae65e302a9560829d257e30d20c6a064e6cc255e2112d3a4e625137e76a,data_identical,243336->243336
