source_id,first_success_at,last_success_at,last_attempt_at,consecutive_failures,consecutive_throttled,expected_interval_h,staleness_h,gate_fail_rate_28d,attempts_28d,status
who.gho.air-11,2026-10-05T09:28:59Z,2026-10-05T09:29:12Z,2026-10-05T09:29:12Z,0,0,720,1.8,0.000,4,active
who.gho.air-15,2026-10-05T09:28:56Z,2026-10-05T09:29:09Z,2026-10-05T09:29:09Z,0,0,720,1.8,0.000,4,active
who.gho.air-62,2026-10-05T09:28:57Z,2026-10-05T09:29:10Z,2026-10-05T09:29:10Z,0,0,720,1.8,0.000,4,active
who.gho.air-7,2026-10-05T09:29:00Z,2026-10-05T09:29:13Z,2026-10-05T09:29:13Z,0,0,720,1.8,0.000,4,active
who.gho.amr-infect-ecoli,2026-10-05T09:28:56Z,2026-10-05T09:28:56Z,2026-10-05T09:28:56Z,0,0,720,1.8,0.000,1,active
who.gho.amr-infect-mrsa,2026-10-05T09:29:02Z,2026-10-05T09:29:02Z,2026-10-05T09:29:02Z,0,0,720,1.8,0.000,1,active
who.gho.bp-04,2026-10-05T09:28:57Z,2026-10-05T09:30:06Z,2026-10-05T09:30:06Z,0,0,720,1.8,0.000,19,active
who.gho.cancersurvival-breastcancer,2026-10-05T09:28:58Z,2026-10-05T09:28:58Z,2026-10-05T09:28:58Z,0,0,720,1.8,0.000,1,active
who.gho.cancersurvival-children-leukaemia,2026-10-05T09:28:59Z,2026-10-05T09:28:59Z,2026-10-05T09:28:59Z,0,0,720,1.8,0.000,1,active
who.gho.financialhardship-millionofpop,2026-10-05T09:29:01Z,2026-10-05T09:29:09Z,2026-10-05T09:29:09Z,0,0,720,1.8,0.000,3,active
who.gho.financialhardship-proportionofpop,2026-10-05T09:29:01Z,2026-10-05T09:30:10Z,2026-10-05T09:30:10Z,0,0,720,1.8,0.000,19,active
who.gho.foodborne-daly-100k,2026-10-05T09:28:57Z,2026-10-05T09:29:11Z,2026-10-05T09:29:11Z,0,0,720,1.8,0.000,4,active
who.gho.foodborne-dth,2026-10-05T09:28:57Z,2026-10-05T09:29:11Z,2026-10-05T09:29:11Z,0,0,720,1.8,0.000,4,active
who.gho.foodborne-ill,2026-10-05T09:29:02Z,2026-10-05T09:29:14Z,2026-10-05T09:29:14Z,0,0,720,1.8,0.000,4,active
who.gho.foodborne-yld-100k,2026-10-05T09:29:00Z,2026-10-05T09:29:14Z,2026-10-05T09:29:14Z,0,0,720,1.8,0.000,4,active
who.gho.foodborne-yll-case,2026-10-05T09:29:13Z,2026-10-05T09:29:24Z,2026-10-05T09:29:24Z,0,0,720,1.8,0.000,4,active
who.gho.gasprp,2026-10-05T09:29:07Z,2026-10-05T09:29:07Z,2026-10-05T09:29:07Z,0,0,720,1.8,0.000,1,active
who.gho.ghed-che-pc-us-sha2011,2026-10-05T09:29:04Z,2026-10-05T09:29:19Z,2026-10-05T09:29:19Z,0,0,720,1.8,0.000,5,active
who.gho.ghed-ext-pc-us-sha2011,2026-10-05T09:29:16Z,2026-10-05T09:29:36Z,2026-10-05T09:29:36Z,0,0,720,1.8,0.000,5,active
who.gho.ghed-gghe-d-pc-us-sha2011,2026-10-05T09:29:15Z,2026-10-05T09:29:27Z,2026-10-05T09:29:27Z,0,0,720,1.8,0.000,5,active
who.gho.ghed-oopsche-sha2011,2026-10-05T09:29:00Z,2026-10-05T09:29:14Z,2026-10-05T09:29:14Z,0,0,720,1.8,0.000,5,active
who.gho.ghed-pvt-d-pc-us-sha2011,2026-10-05T09:29:17Z,2026-10-05T09:29:36Z,2026-10-05T09:29:36Z,0,0,720,1.8,0.000,5,active
who.gho.hepatitis-deaths-rate,2026-10-05T09:29:16Z,2026-10-05T09:29:16Z,2026-10-05T09:29:16Z,0,0,720,1.8,0.000,1,active
who.gho.hepatitis-hbv-diagnosed-num,2026-10-05T09:29:14Z,2026-10-05T09:29:14Z,2026-10-05T09:29:14Z,0,0,720,1.8,0.000,1,active
who.gho.hepatitis-hbv-treatment-anc-percent,2026-09-07T16:03:04Z,2026-10-05T09:29:36Z,2026-10-05T09:29:36Z,0,0,720,1.8,0.000,2,active
who.gho.hepatitis-hcv-diagnosis-perinfected-crd-per100,2026-10-05T09:29:20Z,2026-10-05T09:29:20Z,2026-10-05T09:29:20Z,0,0,720,1.8,0.000,1,active
who.gho.hepatitis-hcv-infections-new-num,2026-10-05T09:29:23Z,2026-10-05T09:29:23Z,2026-10-05T09:29:23Z,0,0,720,1.8,0.000,1,active
who.gho.hepatitis-hcv-livingwith-num,2026-10-05T09:29:01Z,2026-10-05T09:29:01Z,2026-10-05T09:29:01Z,0,0,720,1.8,0.000,1,active
who.gho.hepatitis-hcv-treatment-cum-num,2026-10-05T09:29:18Z,2026-10-05T09:29:18Z,2026-10-05T09:29:18Z,0,0,720,1.8,0.000,1,active
who.gho.hepatitis-hcv-treatment-initiated-num,2026-10-05T09:29:39Z,2026-10-05T09:29:39Z,2026-10-05T09:29:39Z,0,0,720,1.8,0.000,1,active
who.gho.hepatitis-hcv-treatment-perdiagnosed-per100,2026-10-05T09:29:28Z,2026-10-05T09:29:28Z,2026-10-05T09:29:28Z,0,0,720,1.8,0.000,1,active
who.gho.hiv-0000000009,2026-10-05T09:29:17Z,2026-10-05T09:29:27Z,2026-10-05T09:29:27Z,0,0,720,1.8,0.000,4,active
who.gho.hiv-0000000011,2026-10-05T09:29:14Z,2026-10-05T09:29:24Z,2026-10-05T09:29:24Z,0,0,720,1.8,0.000,4,active
who.gho.hiv-0000000023,2026-09-07T16:03:20Z,2026-10-05T09:29:11Z,2026-10-05T09:29:11Z,0,0,720,1.8,0.000,6,active
who.gho.hiv-0000000026,2026-10-05T09:29:09Z,2026-10-05T09:29:21Z,2026-10-05T09:29:21Z,0,0,720,1.8,0.000,4,active
who.gho.hiv-artcoverage,2026-10-05T09:29:15Z,2026-10-05T09:29:25Z,2026-10-05T09:29:25Z,0,0,720,1.8,0.000,4,active
who.gho.hiv-statusknownhiv,2026-10-05T09:29:35Z,2026-10-05T09:29:38Z,2026-10-05T09:29:38Z,0,0,720,1.8,0.000,2,active
who.gho.hwf-0001,2026-10-05T09:29:42Z,2026-10-05T09:29:52Z,2026-10-05T09:29:52Z,0,0,720,1.8,0.000,4,active
who.gho.hwf-0002,2026-10-05T09:29:17Z,2026-10-05T09:29:38Z,2026-10-05T09:29:38Z,0,0,720,1.8,0.000,5,active
who.gho.hwf-0007,2026-10-05T09:29:01Z,2026-10-05T09:29:15Z,2026-10-05T09:29:15Z,0,0,720,1.8,0.000,4,active
who.gho.hwf-0008,2026-10-05T09:29:42Z,2026-10-05T09:29:52Z,2026-10-05T09:29:52Z,0,0,720,1.8,0.000,4,active
who.gho.hwf-0009,2026-10-05T09:29:55Z,2026-10-05T09:30:02Z,2026-10-05T09:30:02Z,0,0,720,1.8,0.000,3,active
who.gho.hwf-0012,2026-10-05T09:29:36Z,2026-10-05T09:29:36Z,2026-10-05T09:29:36Z,0,0,720,1.8,0.000,1,active
who.gho.hwf-0017,2026-09-07T16:03:49Z,2026-10-05T09:29:27Z,2026-10-05T09:29:27Z,0,0,720,1.8,0.000,2,active
who.gho.hwf-0021,2026-10-05T09:29:27Z,2026-10-05T09:29:39Z,2026-10-05T09:29:39Z,0,0,720,1.8,0.000,3,active
who.gho.hwf-0022,2026-10-05T09:29:55Z,2026-10-05T09:29:55Z,2026-10-05T09:29:55Z,0,0,720,1.8,0.000,1,active
who.gho.lbw-number,2026-10-05T09:29:21Z,2026-10-05T09:29:42Z,2026-10-05T09:29:42Z,0,0,720,1.8,0.000,5,active
who.gho.m-est-cig-curr,2026-10-05T09:29:42Z,2026-10-05T09:29:59Z,2026-10-05T09:29:59Z,0,0,720,1.8,0.000,6,active
who.gho.m-est-cig-curr-users,2026-10-05T09:29:42Z,2026-10-05T09:29:57Z,2026-10-05T09:29:57Z,0,0,720,1.8,0.000,6,active
who.gho.m-est-smk-curr-std,2026-10-05T09:29:39Z,2026-10-05T09:29:55Z,2026-10-05T09:29:55Z,0,0,720,1.8,0.000,6,active
who.gho.malaria-act-treated,2026-10-05T09:30:02Z,2026-10-05T09:30:02Z,2026-10-05T09:30:02Z,0,0,720,1.8,0.000,1,active
who.gho.malaria-conf-cases,2026-10-05T09:30:05Z,2026-10-05T09:30:09Z,2026-10-05T09:30:09Z,0,0,720,1.8,0.000,2,active
who.gho.malaria-est-mortality,2026-10-05T09:30:04Z,2026-10-05T09:30:11Z,2026-10-05T09:30:11Z,0,0,720,1.8,0.000,3,active
who.gho.malaria-imported,2026-09-07T16:04:05Z,2026-10-05T09:29:25Z,2026-10-05T09:29:25Z,0,0,720,1.8,0.000,2,active
who.gho.malaria-irs-coverage,2026-10-05T09:29:36Z,2026-10-05T09:29:36Z,2026-10-05T09:29:36Z,0,0,720,1.8,0.000,1,active
who.gho.malaria-itn-use,2026-10-05T09:29:23Z,2026-10-05T09:29:23Z,2026-10-05T09:29:23Z,0,0,720,1.8,0.000,1,active
who.gho.malaria-rdt-test,2026-10-05T09:29:58Z,2026-10-05T09:29:58Z,2026-10-05T09:29:58Z,0,0,720,1.8,0.000,1,active
who.gho.malaria-suspects,2026-10-05T09:30:01Z,2026-10-05T09:30:04Z,2026-10-05T09:30:04Z,0,0,720,1.8,0.000,2,active
who.gho.malaria-total-cases,2026-09-07T16:04:09Z,2026-10-05T09:29:44Z,2026-10-05T09:29:44Z,0,0,720,1.8,0.000,4,active
who.gho.mdg-0000000020,2026-10-05T09:29:26Z,2026-10-05T09:29:50Z,2026-10-05T09:29:50Z,0,0,720,1.8,0.000,6,active
who.gho.ntd-leishcnum,2026-10-05T09:29:47Z,2026-10-05T09:29:51Z,2026-10-05T09:29:51Z,0,0,720,1.8,0.000,2,active
who.gho.ntd-lepr7,2026-10-05T09:29:36Z,2026-10-05T09:29:43Z,2026-10-05T09:29:43Z,0,0,720,1.8,0.000,3,active
who.gho.ntd-lepr8,2026-09-07T16:30:20Z,2026-10-05T09:29:19Z,2026-10-05T09:29:19Z,0,0,720,1.8,0.000,6,active
who.gho.nut-cf-isssf,2026-10-05T09:29:22Z,2026-10-05T09:30:02Z,2026-10-05T09:30:02Z,0,0,720,1.8,0.000,10,active
who.gho.nutsevwastingprev,2026-10-05T09:30:05Z,2026-10-05T09:30:08Z,2026-10-05T09:30:08Z,0,0,720,1.8,0.000,2,active
who.gho.sa-0000001527,2026-10-05T09:29:53Z,2026-10-05T09:29:56Z,2026-10-05T09:29:56Z,0,0,720,1.8,0.000,2,active
who.gho.sa-0000001731,2026-10-05T09:30:11Z,2026-10-05T09:30:14Z,2026-10-05T09:30:14Z,0,0,720,1.8,0.000,2,active
who.gho.sa-0000001764,2026-10-05T09:29:39Z,2026-10-05T09:29:39Z,2026-10-05T09:29:39Z,0,0,720,1.8,0.000,1,active
who.gho.sa-0000001795,2026-10-05T09:29:55Z,2026-10-05T09:29:58Z,2026-10-05T09:29:58Z,0,0,720,1.8,0.000,2,active
who.gho.sdgipvlt,2026-10-05T09:30:01Z,2026-10-05T09:30:01Z,2026-10-05T09:30:01Z,0,0,720,1.8,0.000,1,active
who.gho.taxbev-excise-type,2026-10-05T09:30:00Z,2026-10-05T09:30:08Z,2026-10-05T09:30:08Z,0,0,720,1.8,0.000,3,active
who.gho.tb-c-newinc,2026-10-05T09:29:43Z,2026-10-05T09:30:00Z,2026-10-05T09:30:00Z,0,0,720,1.8,0.000,6,active
who.gho.tobacco-mpower-m4-prevalence,2026-09-07T16:37:08Z,2026-10-05T09:30:10Z,2026-10-05T09:30:10Z,0,0,720,1.8,0.000,6,active
who.gho.air-35,2026-09-07T15:17:15Z,2026-10-05T09:35:37Z,2026-10-05T09:35:37Z,0,0,720,1.7,0.000,8,active
who.gho.air-39,2026-10-05T09:32:13Z,2026-10-05T09:32:24Z,2026-10-05T09:32:24Z,0,0,720,1.7,0.000,4,active
who.gho.air-42,2026-09-07T15:18:04Z,2026-10-05T09:31:51Z,2026-10-05T09:31:51Z,0,0,720,1.7,0.000,8,active
who.gho.air-52,2026-10-05T09:34:02Z,2026-10-05T09:34:19Z,2026-10-05T09:34:19Z,0,0,720,1.7,0.000,4,active
who.gho.air-90,2026-09-07T15:18:43Z,2026-10-05T09:30:51Z,2026-10-05T09:30:51Z,0,0,720,1.7,0.000,8,active
who.gho.bp-03,2026-09-07T15:19:14Z,2026-10-05T09:33:15Z,2026-10-05T09:33:15Z,0,0,720,1.7,0.000,38,active
who.gho.childmort5to14,2026-09-07T15:24:56Z,2026-10-05T09:31:01Z,2026-10-05T09:31:01Z,0,0,720,1.7,0.000,54,active
who.gho.cm-01,2026-10-05T09:30:40Z,2026-10-05T09:35:01Z,2026-10-05T09:35:01Z,0,0,720,1.7,0.000,62,active
who.gho.cm-02,2026-09-07T15:50:52Z,2026-10-05T09:31:53Z,2026-10-05T09:31:53Z,0,0,720,1.7,0.000,88,active
who.gho.cm-03,2026-10-05T09:33:18Z,2026-10-05T09:34:16Z,2026-10-05T09:34:16Z,0,0,720,1.7,0.000,12,active
who.gho.cm-04,2026-09-07T15:58:30Z,2026-10-05T09:31:03Z,2026-10-05T09:31:03Z,0,0,720,1.7,0.000,54,active
who.gho.deathado,2026-10-05T09:28:58Z,2026-10-05T09:34:37Z,2026-10-05T09:34:37Z,0,0,720,1.7,0.000,79,active
who.gho.foodborne-dth-100k,2026-10-05T09:34:49Z,2026-10-05T09:35:01Z,2026-10-05T09:35:01Z,0,0,720,1.7,0.000,4,active
who.gho.foodborne-dth-case,2026-10-05T09:34:43Z,2026-10-05T09:34:53Z,2026-10-05T09:34:53Z,0,0,720,1.7,0.000,4,active
who.gho.foodborne-yld,2026-10-05T09:34:56Z,2026-10-05T09:35:06Z,2026-10-05T09:35:06Z,0,0,720,1.7,0.000,4,active
who.gho.foodborne-yld-case,2026-10-05T09:30:13Z,2026-10-05T09:30:23Z,2026-10-05T09:30:23Z,0,0,720,1.7,0.000,4,active
who.gho.foodborne-yll-100k,2026-10-05T09:35:04Z,2026-10-05T09:35:14Z,2026-10-05T09:35:14Z,0,0,720,1.7,0.000,4,active
who.gho.foodsafety-ihr-percent,2026-10-05T09:30:53Z,2026-10-05T09:30:53Z,2026-10-05T09:30:53Z,0,0,720,1.7,0.000,1,active
who.gho.gasp-isolatesdsr-proportion,2026-10-05T09:35:40Z,2026-10-05T09:35:47Z,2026-10-05T09:35:47Z,0,0,720,1.7,0.000,3,active
who.gho.gasp-isolatestested-number,2026-09-07T16:02:30Z,2026-10-05T09:35:10Z,2026-10-05T09:35:10Z,0,0,720,1.7,0.000,6,active
who.gho.ghed-chegdp-sha2011,2026-10-05T09:31:06Z,2026-10-05T09:31:24Z,2026-10-05T09:31:24Z,0,0,720,1.7,0.000,5,active
who.gho.ghed-extche-sha2011,2026-09-07T16:02:41Z,2026-10-05T09:35:36Z,2026-10-05T09:35:36Z,0,0,720,1.7,0.000,10,active
who.gho.ghed-gghe-dche-sha2011,2026-10-05T09:35:29Z,2026-10-05T09:35:43Z,2026-10-05T09:35:43Z,0,0,720,1.7,0.000,5,active
who.gho.ghed-gghe-dgdp-sha2011,2026-10-05T09:31:57Z,2026-10-05T09:32:14Z,2026-10-05T09:32:14Z,0,0,720,1.7,0.000,5,active
who.gho.ghed-gghe-dgge-sha2011,2026-10-05T09:35:50Z,2026-10-05T09:36:02Z,2026-10-05T09:36:02Z,0,0,720,1.7,0.000,5,active
who.gho.ghed-oop-pc-us-sha2011,2026-10-05T09:30:26Z,2026-10-05T09:30:55Z,2026-10-05T09:30:55Z,0,0,720,1.7,0.000,5,active
who.gho.ghed-phc-gghe-d-phc-sha2011,2026-10-05T09:30:57Z,2026-10-05T09:30:57Z,2026-10-05T09:30:57Z,0,0,720,1.7,0.000,1,active
who.gho.ghed-phc-pc-us-sha2011,2026-10-05T09:30:58Z,2026-10-05T09:30:58Z,2026-10-05T09:30:58Z,0,0,720,1.7,0.000,1,active
who.gho.ghed-pvt-dche-sha2011,2026-10-05T09:30:09Z,2026-10-05T09:30:22Z,2026-10-05T09:30:22Z,0,0,720,1.7,0.000,5,active
who.gho.glassamc-aware,2026-10-05T09:35:39Z,2026-10-05T09:35:42Z,2026-10-05T09:35:42Z,0,0,720,1.7,0.000,2,active
who.gho.glassamc-gpw13-t4b,2026-10-05T09:31:01Z,2026-10-05T09:31:01Z,2026-10-05T09:31:01Z,0,0,720,1.7,0.000,1,active
who.gho.health-promoting-cities,2026-10-05T09:34:23Z,2026-10-05T09:34:23Z,2026-10-05T09:34:23Z,0,0,720,1.7,0.000,1,active
who.gho.hepatitis-deaths-num,2026-10-05T09:33:38Z,2026-10-05T09:33:38Z,2026-10-05T09:33:38Z,0,0,720,1.7,0.000,1,active
who.gho.hepatitis-hbv-diagnosis-perinfected-per100,2026-10-05T09:30:25Z,2026-10-05T09:30:25Z,2026-10-05T09:30:25Z,0,0,720,1.7,0.000,1,active
who.gho.hepatitis-hbv-infections-new-num,2026-10-05T09:31:04Z,2026-10-05T09:31:04Z,2026-10-05T09:31:04Z,0,0,720,1.7,0.000,1,active
who.gho.hepatitis-hbv-livingwith-num,2026-10-05T09:34:25Z,2026-10-05T09:34:25Z,2026-10-05T09:34:25Z,0,0,720,1.7,0.000,1,active
who.gho.hepatitis-hbv-prevalence-per100,2026-10-05T09:35:47Z,2026-10-05T09:35:47Z,2026-10-05T09:35:47Z,0,0,720,1.7,0.000,1,active
who.gho.hepatitis-hbv-testing-anc-percent,2026-10-05T09:34:11Z,2026-10-05T09:34:11Z,2026-10-05T09:34:11Z,0,0,720,1.7,0.000,1,active
who.gho.hepatitis-hbv-treatment-perdiagnosed-per100,2026-10-05T09:34:16Z,2026-10-05T09:34:16Z,2026-10-05T09:34:16Z,0,0,720,1.7,0.000,1,active
who.gho.hepatitis-hcv-diagnosed-crd-num,2026-10-05T09:36:05Z,2026-10-05T09:36:05Z,2026-10-05T09:36:05Z,0,0,720,1.7,0.000,1,active
who.gho.hepatitis-hcv-diagnosed-num,2026-10-05T09:35:45Z,2026-10-05T09:35:45Z,2026-10-05T09:35:45Z,0,0,720,1.7,0.000,1,active
who.gho.hepatitis-hcv-prevalence-per100,2026-09-07T16:03:10Z,2026-10-05T09:35:51Z,2026-10-05T09:35:51Z,0,0,720,1.7,0.000,2,active
who.gho.hepatitis-hcv-treatment-cum-perinfected-crd-per100,2026-10-05T09:35:54Z,2026-10-05T09:35:54Z,2026-10-05T09:35:54Z,0,0,720,1.7,0.000,1,active
who.gho.hiv-0000000001,2026-10-05T09:30:28Z,2026-10-05T09:30:54Z,2026-10-05T09:30:54Z,0,0,720,1.7,0.000,4,active
who.gho.hiv-0000000006,2026-10-05T09:32:33Z,2026-10-05T09:32:44Z,2026-10-05T09:32:44Z,0,0,720,1.7,0.000,4,active
who.gho.hiv-0000000020,2026-09-07T16:03:13Z,2026-10-05T09:33:48Z,2026-10-05T09:33:48Z,0,0,720,1.7,0.000,4,active
who.gho.hiv-0000000021,2026-10-05T09:35:48Z,2026-10-05T09:35:51Z,2026-10-05T09:35:51Z,0,0,720,1.7,0.000,2,active
who.gho.hiv-0000000024,2026-10-05T09:35:47Z,2026-10-05T09:35:53Z,2026-10-05T09:35:53Z,0,0,720,1.7,0.000,3,active
who.gho.hiv-viralloadsuppressed,2026-10-05T09:31:27Z,2026-10-05T09:31:27Z,2026-10-05T09:31:27Z,0,0,720,1.7,0.000,1,active
who.gho.hiv-viralloadsuppressedart,2026-10-05T09:33:51Z,2026-10-05T09:33:51Z,2026-10-05T09:33:51Z,0,0,720,1.7,0.000,1,active
who.gho.hwf-0004,2026-10-05T09:35:13Z,2026-10-05T09:35:29Z,2026-10-05T09:35:29Z,0,0,720,1.7,0.000,2,active
who.gho.hwf-0011,2026-10-05T09:35:56Z,2026-10-05T09:36:05Z,2026-10-05T09:36:05Z,0,0,720,1.7,0.000,4,active
who.gho.hwf-0013,2026-10-05T09:34:40Z,2026-10-05T09:34:40Z,2026-10-05T09:34:40Z,0,0,720,1.7,0.000,1,active
who.gho.hwf-0016,2026-10-05T09:34:19Z,2026-10-05T09:34:19Z,2026-10-05T09:34:19Z,0,0,720,1.7,0.000,1,active
who.gho.hwf-0019,2026-10-05T09:31:06Z,2026-10-05T09:31:06Z,2026-10-05T09:31:06Z,0,0,720,1.7,0.000,1,active
who.gho.hwf-0025,2026-10-05T09:32:27Z,2026-10-05T09:32:37Z,2026-10-05T09:32:37Z,0,0,720,1.7,0.000,4,active
who.gho.hwf-0026,2026-10-05T09:33:54Z,2026-10-05T09:33:58Z,2026-10-05T09:33:58Z,0,0,720,1.7,0.000,2,active
who.gho.m-est-cig-curr-std,2026-10-05T09:34:19Z,2026-10-05T09:34:35Z,2026-10-05T09:34:35Z,0,0,720,1.7,0.000,6,active
who.gho.m-est-tob-curr,2026-10-05T09:31:00Z,2026-10-05T09:31:15Z,2026-10-05T09:31:15Z,0,0,720,1.7,0.000,6,active
who.gho.m-est-tob-curr-std,2026-10-05T09:31:22Z,2026-10-05T09:31:39Z,2026-10-05T09:31:39Z,0,0,720,1.7,0.000,6,active
who.gho.malaria-est-deaths,2026-10-05T09:31:10Z,2026-10-05T09:31:22Z,2026-10-05T09:31:22Z,0,0,720,1.7,0.000,3,active
who.gho.malaria-est-incidence,2026-10-05T09:31:04Z,2026-10-05T09:31:10Z,2026-10-05T09:31:10Z,0,0,720,1.7,0.000,3,active
who.gho.malaria-indig-status,2026-10-05T09:32:17Z,2026-10-05T09:32:17Z,2026-10-05T09:32:17Z,0,0,720,1.7,0.000,1,active
who.gho.malaria-itn-coverage,2026-10-05T09:34:43Z,2026-10-05T09:34:43Z,2026-10-05T09:34:43Z,0,0,720,1.7,0.000,1,active
who.gho.malaria-micr-test,2026-10-05T09:31:26Z,2026-10-05T09:31:26Z,2026-10-05T09:31:26Z,0,0,720,1.7,0.000,1,active
who.gho.malaria-pf-indig,2026-10-05T09:30:14Z,2026-10-05T09:30:17Z,2026-10-05T09:30:17Z,0,0,720,1.7,0.000,2,active
who.gho.malaria-pres-cases,2026-10-05T09:32:20Z,2026-10-05T09:32:23Z,2026-10-05T09:32:23Z,0,0,720,1.7,0.000,2,active
who.gho.malaria-pv-indig,2026-10-05T09:35:32Z,2026-10-05T09:35:32Z,2026-10-05T09:35:32Z,0,0,720,1.7,0.000,1,active
who.gho.malaria-rdt-pos,2026-10-05T09:34:22Z,2026-10-05T09:34:22Z,2026-10-05T09:34:22Z,0,0,720,1.7,0.000,1,active
who.gho.mdg-0000000001,2026-10-05T09:30:06Z,2026-10-05T09:33:13Z,2026-10-05T09:33:13Z,0,0,720,1.7,0.000,45,active
who.gho.mdg-0000000025,2026-09-07T16:11:54Z,2026-10-05T09:31:38Z,2026-10-05T09:31:38Z,0,0,720,1.7,0.000,6,active
who.gho.mdg-0000000029,2026-10-05T09:34:46Z,2026-10-05T09:34:55Z,2026-10-05T09:34:55Z,0,0,720,1.7,0.000,4,active
who.gho.ncd-bmi-25a,2026-10-05T09:30:01Z,2026-10-05T09:31:54Z,2026-10-05T09:31:54Z,0,0,720,1.7,0.000,29,active
who.gho.ncd-bmi-25c,2026-10-05T09:31:41Z,2026-10-05T09:33:51Z,2026-10-05T09:33:51Z,0,0,720,1.7,0.000,29,active
who.gho.ncd-bmi-30a,2026-10-05T09:29:36Z,2026-10-05T09:31:44Z,2026-10-05T09:31:44Z,0,0,720,1.7,0.000,29,active
who.gho.ncd-bmi-30c,2026-10-05T09:29:45Z,2026-10-05T09:31:43Z,2026-10-05T09:31:43Z,0,0,720,1.7,0.000,29,active
who.gho.ncd-bmi-plus2c,2026-10-05T09:29:39Z,2026-10-05T09:35:48Z,2026-10-05T09:35:48Z,0,0,720,1.7,0.000,86,active
who.gho.ncd-diabetes-prevalence-agestd,2026-10-05T09:31:47Z,2026-10-05T09:34:52Z,2026-10-05T09:34:52Z,0,0,720,1.7,0.000,42,active
who.gho.ncd-diabetes-prevalence-crude,2026-10-05T09:31:57Z,2026-10-05T09:34:49Z,2026-10-05T09:34:49Z,0,0,720,1.7,0.000,42,active
who.gho.ncd-diabetes-treatment-crude,2026-10-05T09:31:14Z,2026-10-05T09:32:37Z,2026-10-05T09:32:37Z,0,0,720,1.7,0.000,21,active
who.gho.ncd-hyp-diagnosis-a,2026-09-07T16:17:08Z,2026-10-05T09:31:23Z,2026-10-05T09:31:23Z,0,0,720,1.7,0.000,40,active
who.gho.ncd-hyp-prevalence-a,2026-10-05T09:31:47Z,2026-10-05T09:33:06Z,2026-10-05T09:33:06Z,0,0,720,1.7,0.000,20,active
who.gho.ncd-hyp-treatment-a,2026-09-07T16:22:12Z,2026-10-05T09:32:11Z,2026-10-05T09:32:11Z,0,0,720,1.7,0.000,40,active
who.gho.ncd-hyp-treatment-c,2026-10-05T09:34:52Z,2026-10-05T09:36:06Z,2026-10-05T09:36:06Z,0,0,720,1.7,0.000,20,active
who.gho.ncd-paa,2026-10-05T09:30:12Z,2026-10-05T09:33:15Z,2026-10-05T09:33:15Z,0,0,720,1.7,0.000,42,active
who.gho.ncd-pac,2026-10-05T09:31:42Z,2026-10-05T09:32:34Z,2026-10-05T09:32:34Z,0,0,720,1.7,0.000,15,active
who.gho.ntd-5,2026-10-05T09:33:16Z,2026-10-05T09:33:16Z,2026-10-05T09:33:16Z,0,0,720,1.7,0.000,1,active
who.gho.ntd-6,2026-10-05T09:34:28Z,2026-10-05T09:34:28Z,2026-10-05T09:34:28Z,0,0,720,1.7,0.000,1,active
who.gho.ntd-8,2026-10-05T09:31:25Z,2026-10-05T09:31:29Z,2026-10-05T09:31:29Z,0,0,720,1.7,0.000,2,active
who.gho.ntd-leishvnum,2026-10-05T09:34:31Z,2026-10-05T09:34:34Z,2026-10-05T09:34:34Z,0,0,720,1.7,0.000,2,active
who.gho.ntd-lepr14,2026-10-05T09:33:18Z,2026-10-05T09:33:22Z,2026-10-05T09:33:22Z,0,0,720,1.7,0.000,2,active
who.gho.ntd-lepr2,2026-10-05T09:33:25Z,2026-10-05T09:33:46Z,2026-10-05T09:33:46Z,0,0,720,1.7,0.000,3,active
who.gho.ntd-lepr9,2026-10-05T09:35:35Z,2026-10-05T09:35:41Z,2026-10-05T09:35:41Z,0,0,720,1.7,0.000,3,active
who.gho.ntd-onchstatus,2026-10-05T09:32:14Z,2026-10-05T09:32:14Z,2026-10-05T09:32:14Z,0,0,720,1.7,0.000,1,active
who.gho.ntd-rab2,2026-10-05T09:32:36Z,2026-10-05T09:32:43Z,2026-10-05T09:32:43Z,0,0,720,1.7,0.000,3,active
who.gho.nut-bf-cbf,2026-10-05T09:29:46Z,2026-10-05T09:30:25Z,2026-10-05T09:30:25Z,0,0,720,1.7,0.000,12,active
who.gho.nut-bf-ebf-numth,2026-10-05T09:32:17Z,2026-10-05T09:32:17Z,2026-10-05T09:32:17Z,0,0,720,1.7,0.000,1,active
who.gho.nut-cf-mad,2026-10-05T09:32:26Z,2026-10-05T09:32:47Z,2026-10-05T09:32:47Z,0,0,720,1.7,0.000,7,active
who.gho.nut-cf-mdd,2026-10-05T09:30:20Z,2026-10-05T09:31:01Z,2026-10-05T09:31:01Z,0,0,720,1.7,0.000,9,active
who.gho.nutoverweightnum,2026-10-05T09:32:49Z,2026-10-05T09:34:20Z,2026-10-05T09:34:20Z,0,0,720,1.7,0.000,18,active
who.gho.nutoverweightprev,2026-10-05T09:31:32Z,2026-10-05T09:32:34Z,2026-10-05T09:32:34Z,0,0,720,1.7,0.000,18,active
who.gho.nutrition-ant-haz-ne2,2026-10-05T09:30:29Z,2026-10-05T09:36:03Z,2026-10-05T09:36:03Z,0,0,720,1.7,0.000,73,active
who.gho.nutwastingprev,2026-10-05T09:32:40Z,2026-10-05T09:32:44Z,2026-10-05T09:32:44Z,0,0,720,1.7,0.000,2,active
who.gho.physicalactivity-activesocieties,2026-10-05T09:32:46Z,2026-10-05T09:32:50Z,2026-10-05T09:32:50Z,0,0,720,1.7,0.000,2,active
who.gho.physicalactivity-region,2026-10-05T09:33:19Z,2026-10-05T09:33:19Z,2026-10-05T09:33:19Z,0,0,720,1.7,0.000,1,active
who.gho.rhr-npsv,2026-09-07T16:31:03Z,2026-10-05T09:33:09Z,2026-10-05T09:33:09Z,0,0,720,1.7,0.000,2,active
who.gho.sa-0000001398,2026-10-05T09:32:20Z,2026-10-05T09:33:46Z,2026-10-05T09:33:46Z,0,0,720,1.7,0.000,19,active
who.gho.sa-0000001502,2026-10-05T09:33:21Z,2026-10-05T09:33:21Z,2026-10-05T09:33:21Z,0,0,720,1.7,0.000,1,active
who.gho.sa-0000001503,2026-10-05T09:33:49Z,2026-10-05T09:33:49Z,2026-10-05T09:33:49Z,0,0,720,1.7,0.000,1,active
who.gho.sa-0000001511,2026-10-05T09:35:43Z,2026-10-05T09:35:47Z,2026-10-05T09:35:47Z,0,0,720,1.7,0.000,2,active
who.gho.sa-0000001512,2026-10-05T09:31:05Z,2026-10-05T09:31:09Z,2026-10-05T09:31:09Z,0,0,720,1.7,0.000,2,active
who.gho.sa-0000001518,2026-09-07T16:33:09Z,2026-10-05T09:32:44Z,2026-10-05T09:32:44Z,0,0,720,1.7,0.000,4,active
who.gho.sa-0000001528,2026-10-05T09:33:49Z,2026-10-05T09:33:52Z,2026-10-05T09:33:52Z,0,0,720,1.7,0.000,2,active
who.gho.sa-0000001544,2026-09-07T16:33:41Z,2026-10-05T09:33:58Z,2026-10-05T09:33:58Z,0,0,720,1.7,0.000,4,active
who.gho.sa-0000001545,2026-10-05T09:32:47Z,2026-10-05T09:32:50Z,2026-10-05T09:32:50Z,0,0,720,1.7,0.000,2,active
who.gho.sa-0000001688,2026-10-05T09:33:12Z,2026-10-05T09:33:46Z,2026-10-05T09:33:46Z,0,0,720,1.7,0.000,7,active
who.gho.sa-0000001699,2026-10-05T09:33:48Z,2026-10-05T09:33:51Z,2026-10-05T09:33:51Z,0,0,720,1.7,0.000,2,active
who.gho.sa-0000001730,2026-09-07T16:34:04Z,2026-10-05T09:34:01Z,2026-10-05T09:34:01Z,0,0,720,1.7,0.000,6,active
who.gho.sa-0000001794,2026-10-05T09:34:01Z,2026-10-05T09:34:04Z,2026-10-05T09:34:04Z,0,0,720,1.7,0.000,2,active
who.gho.sa-0000001796,2026-10-05T09:33:52Z,2026-10-05T09:33:55Z,2026-10-05T09:33:55Z,0,0,720,1.7,0.000,2,active
who.gho.sa-0000001802,2026-10-05T09:34:23Z,2026-10-05T09:34:26Z,2026-10-05T09:34:26Z,0,0,720,1.7,0.000,2,active
who.gho.sa-0000001803,2026-10-05T09:35:50Z,2026-10-05T09:35:50Z,2026-10-05T09:35:50Z,0,0,720,1.7,0.000,1,active
who.gho.sa-0000001804,2026-10-05T09:32:46Z,2026-10-05T09:32:46Z,2026-10-05T09:32:46Z,0,0,720,1.7,0.000,1,active
who.gho.sa-0000001849,2026-10-05T09:32:37Z,2026-10-05T09:32:37Z,2026-10-05T09:32:37Z,0,0,720,1.7,0.000,1,active
who.gho.sdghpvreceived,2026-10-05T09:31:12Z,2026-10-05T09:31:25Z,2026-10-05T09:31:25Z,0,0,720,1.7,0.000,3,active
who.gho.sdgodaws,2026-10-05T09:32:47Z,2026-10-05T09:33:06Z,2026-10-05T09:33:06Z,0,0,720,1.7,0.000,3,active
who.gho.taxbev-advalorembase,2026-10-05T09:34:07Z,2026-10-05T09:34:07Z,2026-10-05T09:34:07Z,0,0,720,1.7,0.000,1,active
who.gho.taxbev-afford-less,2026-10-05T09:33:09Z,2026-10-05T09:33:09Z,2026-10-05T09:33:09Z,0,0,720,1.7,0.000,1,active
who.gho.taxbev-alcoholbasedtiered,2026-10-05T09:33:24Z,2026-10-05T09:33:24Z,2026-10-05T09:33:24Z,0,0,720,1.7,0.000,1,active
who.gho.taxbev-alcoholsalestatus,2026-10-05T09:34:15Z,2026-10-05T09:34:15Z,2026-10-05T09:34:15Z,0,0,720,1.7,0.000,1,active
who.gho.taxbev-importduties,2026-09-07T16:34:27Z,2026-10-05T09:34:03Z,2026-10-05T09:34:03Z,0,0,720,1.7,0.000,2,active
who.gho.taxbev-minspecexcisetax,2026-10-05T09:33:05Z,2026-10-05T09:33:05Z,2026-10-05T09:33:05Z,0,0,720,1.7,0.000,1,active
who.gho.taxbev-sugarcontent,2026-10-05T09:30:17Z,2026-10-05T09:30:17Z,2026-10-05T09:30:17Z,0,0,720,1.7,0.000,1,active
who.gho.taxbev-vatspecial-lohi,2026-09-07T16:35:11Z,2026-10-05T09:33:58Z,2026-10-05T09:33:58Z,0,0,720,1.7,0.000,2,active
who.gho.tb-1,2026-09-07T16:35:17Z,2026-10-05T09:33:25Z,2026-10-05T09:33:25Z,0,0,720,1.7,0.000,12,active
who.gho.tb-c-dst-rlt-new-pct,2026-10-05T09:33:11Z,2026-10-05T09:33:21Z,2026-10-05T09:33:21Z,0,0,720,1.7,0.000,4,active
who.gho.tb-c-xdr-tsr,2026-09-07T16:36:12Z,2026-10-05T09:34:41Z,2026-10-05T09:34:41Z,0,0,720,1.7,0.000,4,active
who.gho.tb-e-mort-exc-tbhiv-num,2026-10-05T09:33:24Z,2026-10-05T09:33:52Z,2026-10-05T09:33:52Z,0,0,720,1.7,0.000,5,active
who.gho.tb-hivtest-pos-pct,2026-10-05T09:35:53Z,2026-10-05T09:36:02Z,2026-10-05T09:36:02Z,0,0,720,1.7,0.000,4,active
who.gho.tobacco-mpower-m1-tobaccousesmoking,2026-10-05T09:34:01Z,2026-10-05T09:34:01Z,2026-10-05T09:34:01Z,0,0,720,1.7,0.000,1,active
who.gho.tobacco-mpower-m2-smokelessecigarettes,2026-10-05T09:30:19Z,2026-10-05T09:30:19Z,2026-10-05T09:30:19Z,0,0,720,1.7,0.000,1,active
who.gho.tobacco-mpower-m4-smokelessecigarettesschool,2026-10-05T09:33:55Z,2026-10-05T09:33:55Z,2026-10-05T09:33:55Z,0,0,720,1.7,0.000,1,active
who.gho.tobacco-mpower-r-tax,2026-10-05T09:30:22Z,2026-10-05T09:31:54Z,2026-10-05T09:31:54Z,0,0,720,1.7,0.000,21,active
who.gho.trad-med-share-che,2026-10-05T09:32:39Z,2026-10-05T09:32:39Z,2026-10-05T09:32:39Z,0,0,720,1.7,0.000,1,active
who.gho.uhc-availability-score,2026-10-05T09:33:42Z,2026-10-05T09:33:42Z,2026-10-05T09:33:42Z,0,0,720,1.7,0.000,1,active
who.gho.uhc-sci-rmnch,2026-10-05T09:30:12Z,2026-10-05T09:30:29Z,2026-10-05T09:30:29Z,0,0,720,1.7,0.000,6,active
who.gho.uhctransfats,2026-10-05T09:34:05Z,2026-10-05T09:34:25Z,2026-10-05T09:34:25Z,0,0,720,1.7,0.000,5,active
who.gho.vaccinecoverage-ipv1,2026-10-05T09:30:11Z,2026-10-05T09:30:18Z,2026-10-05T09:30:18Z,0,0,720,1.7,0.000,3,active
who.gho.whosis-000016,2026-10-05T09:33:58Z,2026-10-05T09:35:43Z,2026-10-05T09:35:43Z,0,0,720,1.7,0.000,27,active
who.gho.whs3-42,2026-10-05T09:31:28Z,2026-10-05T09:31:37Z,2026-10-05T09:31:37Z,0,0,720,1.7,0.000,4,active
who.gho.whs3-53,2026-10-05T09:32:42Z,2026-10-05T09:33:13Z,2026-10-05T09:33:13Z,0,0,720,1.7,0.000,6,active
who.gho.whs3-55,2026-10-05T09:32:49Z,2026-10-05T09:33:19Z,2026-10-05T09:33:19Z,0,0,720,1.7,0.000,6,active
who.gho.whs3-62,2026-10-05T09:33:45Z,2026-10-05T09:34:30Z,2026-10-05T09:34:30Z,0,0,720,1.7,0.000,12,active
who.gho.whs4-106,2026-10-05T09:34:07Z,2026-10-05T09:34:26Z,2026-10-05T09:34:26Z,0,0,720,1.7,0.000,5,active
who.gho.whs4-154,2026-09-07T16:41:33Z,2026-10-05T09:34:22Z,2026-10-05T09:34:22Z,0,0,720,1.7,0.000,4,active
who.gho.wsh-hygiene-basic,2026-09-07T16:41:44Z,2026-10-05T09:33:49Z,2026-10-05T09:33:49Z,0,0,720,1.7,0.000,12,active
who.gho.wsh-sanitation-od,2026-10-05T09:34:25Z,2026-10-05T09:35:09Z,2026-10-05T09:35:09Z,0,0,720,1.7,0.000,15,active
who.gho.wsh-sanitation-safely-managed,2026-10-05T09:30:32Z,2026-10-05T09:31:22Z,2026-10-05T09:31:22Z,0,0,720,1.7,0.000,10,active
who.gho.wsh-water-basic,2026-09-07T16:42:11Z,2026-10-05T09:35:16Z,2026-10-05T09:35:16Z,0,0,720,1.7,0.000,30,active
who.gho.wsh-water-safely-managed,2026-10-05T09:31:40Z,2026-10-05T09:32:15Z,2026-10-05T09:32:15Z,0,0,720,1.7,0.000,10,active
who.gho.air-41,2026-10-05T09:36:21Z,2026-10-05T09:36:32Z,2026-10-05T09:36:32Z,0,0,720,1.6,0.000,4,active
who.gho.childdeath5to14,2026-10-05T09:34:59Z,2026-10-05T09:37:03Z,2026-10-05T09:37:03Z,0,0,720,1.6,0.000,27,active
who.gho.childviol,2026-10-05T09:38:14Z,2026-10-05T09:38:14Z,2026-10-05T09:38:14Z,0,0,720,1.6,0.000,1,active
who.gho.familyplanningunpduhc,2026-10-05T09:37:41Z,2026-10-05T09:38:27Z,2026-10-05T09:38:27Z,0,0,720,1.6,0.000,15,active
who.gho.foodborne-daly,2026-10-05T09:36:03Z,2026-10-05T09:36:29Z,2026-10-05T09:36:29Z,0,0,720,1.6,0.000,4,active
who.gho.foodborne-daly-case,2026-10-05T09:36:33Z,2026-10-05T09:36:43Z,2026-10-05T09:36:43Z,0,0,720,1.6,0.000,4,active
who.gho.foodborne-ill-100k,2026-10-05T09:38:11Z,2026-10-05T09:38:21Z,2026-10-05T09:38:21Z,0,0,720,1.6,0.000,4,active
who.gho.foodborne-yll,2026-10-05T09:38:03Z,2026-10-05T09:38:13Z,2026-10-05T09:38:13Z,0,0,720,1.6,0.000,4,active
who.gho.glassamc-tc,2026-10-05T09:38:17Z,2026-10-05T09:38:17Z,2026-10-05T09:38:17Z,0,0,720,1.6,0.000,1,active
who.gho.hepatitis-hbv-testpositive-anc-percent,2026-10-05T09:37:30Z,2026-10-05T09:37:30Z,2026-10-05T09:37:30Z,0,0,720,1.6,0.000,1,active
who.gho.hepatitis-hbv-treatment-num,2026-10-05T09:36:35Z,2026-10-05T09:36:35Z,2026-10-05T09:36:35Z,0,0,720,1.6,0.000,1,active
who.gho.hepatitis-hbv-treatment-perinfected-per100,2026-09-07T16:03:07Z,2026-10-05T09:38:20Z,2026-10-05T09:38:20Z,0,0,720,1.6,0.000,2,active
who.gho.hepatitis-hcv-livingwith-crd-num,2026-10-05T09:38:16Z,2026-10-05T09:38:16Z,2026-10-05T09:38:16Z,0,0,720,1.6,0.000,1,active
who.gho.hiv-0000000016,2026-10-05T09:38:30Z,2026-10-05T09:38:33Z,2026-10-05T09:38:33Z,0,0,720,1.6,0.000,2,active
who.gho.hiv-statusknownart,2026-10-05T09:38:23Z,2026-10-05T09:38:26Z,2026-10-05T09:38:26Z,0,0,720,1.6,0.000,2,active
who.gho.hwf-0003,2026-10-05T09:36:23Z,2026-10-05T09:36:25Z,2026-10-05T09:36:25Z,0,0,720,1.6,0.000,2,active
who.gho.hwf-0005,2026-10-05T09:36:38Z,2026-10-05T09:36:49Z,2026-10-05T09:36:49Z,0,0,720,1.6,0.000,4,active
who.gho.hwf-0006,2026-10-05T09:35:56Z,2026-10-05T09:36:23Z,2026-10-05T09:36:23Z,0,0,720,1.6,0.000,4,active
who.gho.hwf-0010,2026-10-05T09:37:01Z,2026-10-05T09:37:12Z,2026-10-05T09:37:12Z,0,0,720,1.6,0.000,4,active
who.gho.hwf-0014,2026-09-07T16:03:33Z,2026-10-05T09:38:40Z,2026-10-05T09:38:40Z,0,0,720,1.6,0.000,8,active
who.gho.hwf-0015,2026-10-05T09:36:26Z,2026-10-05T09:36:36Z,2026-10-05T09:36:36Z,0,0,720,1.6,0.000,4,active
who.gho.hwf-0018,2026-10-05T09:38:36Z,2026-10-05T09:38:36Z,2026-10-05T09:38:36Z,0,0,720,1.6,0.000,1,active
who.gho.hwf-0020,2026-10-05T09:36:23Z,2026-10-05T09:36:23Z,2026-10-05T09:36:23Z,0,0,720,1.6,0.000,1,active
who.gho.hwf-0023,2026-10-05T09:38:42Z,2026-10-05T09:38:42Z,2026-10-05T09:38:42Z,0,0,720,1.6,0.000,1,active
who.gho.hwf-0024,2026-10-05T09:37:42Z,2026-10-05T09:37:42Z,2026-10-05T09:37:42Z,0,0,720,1.6,0.000,1,active
who.gho.lbw-prevalence,2026-10-05T09:36:26Z,2026-10-05T09:36:39Z,2026-10-05T09:36:39Z,0,0,720,1.6,0.000,5,active
who.gho.m-est-smk-curr,2026-10-05T09:38:39Z,2026-10-05T09:38:56Z,2026-10-05T09:38:56Z,0,0,720,1.6,0.000,6,active
who.gho.m-est-smk-curr-users,2026-10-05T09:38:59Z,2026-10-05T09:39:14Z,2026-10-05T09:39:14Z,0,0,720,1.6,0.000,6,active
who.gho.m-est-tob-curr-users,2026-10-05T09:35:55Z,2026-10-05T09:36:26Z,2026-10-05T09:36:26Z,0,0,720,1.6,0.000,6,active
who.gho.malaria-1stline-treated,2026-10-05T09:37:45Z,2026-10-05T09:37:45Z,2026-10-05T09:37:45Z,0,0,720,1.6,0.000,1,active
who.gho.malaria-est-cases,2026-09-07T16:03:52Z,2026-10-05T09:37:13Z,2026-10-05T09:37:13Z,0,0,720,1.6,0.000,6,active
who.gho.malaria-indig,2026-10-05T09:38:45Z,2026-10-05T09:38:49Z,2026-10-05T09:38:49Z,0,0,720,1.6,0.000,2,active
who.gho.malaria-iptp3-coverage,2026-10-05T09:38:51Z,2026-10-05T09:38:51Z,2026-10-05T09:38:51Z,0,0,720,1.6,0.000,1,active
who.gho.malaria-micr-pos,2026-10-05T09:37:48Z,2026-10-05T09:37:48Z,2026-10-05T09:37:48Z,0,0,720,1.6,0.000,1,active
who.gho.malaria-nmcp-calculations,2026-10-05T09:38:19Z,2026-10-05T09:38:19Z,2026-10-05T09:38:19Z,0,0,720,1.6,0.000,1,active
who.gho.mcv2,2026-10-05T09:36:29Z,2026-10-05T09:36:45Z,2026-10-05T09:36:45Z,0,0,720,1.6,0.000,6,active
who.gho.mdg-0000000003,2026-09-07T16:04:16Z,2026-10-05T09:37:22Z,2026-10-05T09:37:22Z,0,0,720,1.6,0.000,16,active
who.gho.mdg-0000000007,2026-09-07T16:04:52Z,2026-10-05T09:40:29Z,2026-10-05T09:40:29Z,0,0,720,1.6,0.000,130,active
who.gho.mdg-0000000017,2026-09-07T16:11:35Z,2026-10-05T09:39:30Z,2026-10-05T09:39:30Z,0,0,720,1.6,0.000,10,active
who.gho.mortado,2026-10-05T09:31:29Z,2026-10-05T09:37:24Z,2026-10-05T09:37:24Z,0,0,720,1.6,0.000,79,active
who.gho.ncd-bmi-18a,2026-09-07T16:12:06Z,2026-10-05T09:39:27Z,2026-10-05T09:39:27Z,0,0,720,1.6,0.000,58,active
who.gho.ncd-bmi-18c,2026-10-05T09:34:25Z,2026-10-05T09:36:30Z,2026-10-05T09:36:30Z,0,0,720,1.6,0.000,29,active
who.gho.ncd-bmi-minus2c,2026-10-05T09:34:01Z,2026-10-05T09:39:52Z,2026-10-05T09:39:52Z,0,0,720,1.6,0.000,86,active
who.gho.ncd-bmi-plus1c,2026-10-05T09:33:54Z,2026-10-05T09:39:53Z,2026-10-05T09:39:53Z,0,0,720,1.6,0.000,86,active
who.gho.ncd-diabetes-treatment-agestd,2026-10-05T09:34:58Z,2026-10-05T09:36:33Z,2026-10-05T09:36:33Z,0,0,720,1.6,0.000,21,active
who.gho.ncd-hyp-diagnosis-c,2026-10-05T09:34:55Z,2026-10-05T09:36:31Z,2026-10-05T09:36:31Z,0,0,720,1.6,0.000,20,active
who.gho.ncd-hyp-prevalence-c,2026-10-05T09:37:25Z,2026-10-05T09:38:40Z,2026-10-05T09:38:40Z,0,0,720,1.6,0.000,20,active
who.gho.ncdmortpercent,2026-10-05T09:29:19Z,2026-10-05T09:37:06Z,2026-10-05T09:37:06Z,0,0,720,1.6,0.000,97,active
who.gho.ntd-4,2026-10-05T09:37:27Z,2026-10-05T09:37:27Z,2026-10-05T09:37:27Z,0,0,720,1.6,0.000,1,active
who.gho.ntd-7,2026-09-07T16:29:02Z,2026-10-05T09:36:42Z,2026-10-05T09:36:42Z,0,0,720,1.6,0.000,4,active
who.gho.ntd-bu-conf,2026-09-07T16:29:34Z,2026-10-05T09:39:29Z,2026-10-05T09:39:29Z,0,0,720,1.6,0.000,2,active
who.gho.ntd-bu-susp,2026-10-05T09:39:56Z,2026-10-05T09:39:56Z,2026-10-05T09:39:56Z,0,0,720,1.6,0.000,1,active
who.gho.ntd-leishcend,2026-10-05T09:37:15Z,2026-10-05T09:37:15Z,2026-10-05T09:37:15Z,0,0,720,1.6,0.000,1,active
who.gho.ntd-leishcnum-im,2026-10-05T09:39:59Z,2026-10-05T09:40:02Z,2026-10-05T09:40:02Z,0,0,720,1.6,0.000,2,active
who.gho.ntd-leishvend,2026-10-05T09:36:34Z,2026-10-05T09:36:34Z,2026-10-05T09:36:34Z,0,0,720,1.6,0.000,1,active
who.gho.ntd-leishvnum-im,2026-10-05T09:37:16Z,2026-10-05T09:37:19Z,2026-10-05T09:37:19Z,0,0,720,1.6,0.000,2,active
who.gho.ntd-lepr11,2026-10-05T09:36:45Z,2026-10-05T09:37:02Z,2026-10-05T09:37:02Z,0,0,720,1.6,0.000,3,active
who.gho.ntd-lepr13,2026-10-05T09:36:23Z,2026-10-05T09:36:29Z,2026-10-05T09:36:29Z,0,0,720,1.6,0.000,3,active
who.gho.ntd-lepr3,2026-09-07T16:29:38Z,2026-10-05T09:36:43Z,2026-10-05T09:36:43Z,0,0,720,1.6,0.000,6,active
who.gho.ntd-lepr4,2026-10-05T09:38:24Z,2026-10-05T09:38:30Z,2026-10-05T09:38:30Z,0,0,720,1.6,0.000,3,active
who.gho.ntd-lepr5,2026-10-05T09:38:22Z,2026-10-05T09:38:28Z,2026-10-05T09:38:28Z,0,0,720,1.6,0.000,3,active
who.gho.ntd-onchemo,2026-10-05T09:39:32Z,2026-10-05T09:39:32Z,2026-10-05T09:39:32Z,0,0,720,1.6,0.000,1,active
who.gho.ntd-onctreat,2026-10-05T09:39:55Z,2026-10-05T09:39:55Z,2026-10-05T09:39:55Z,0,0,720,1.6,0.000,1,active
who.gho.ntd-tra5,2026-10-05T09:39:58Z,2026-10-05T09:39:58Z,2026-10-05T09:39:58Z,0,0,720,1.6,0.000,1,active
who.gho.nut-bf-ebf,2026-10-05T09:38:33Z,2026-10-05T09:39:20Z,2026-10-05T09:39:20Z,0,0,720,1.6,0.000,15,active
who.gho.nut-bf-ebf2d,2026-10-05T09:37:17Z,2026-10-05T09:37:57Z,2026-10-05T09:37:57Z,0,0,720,1.6,0.000,9,active
who.gho.nut-bf-eibf,2026-10-05T09:38:31Z,2026-10-05T09:39:06Z,2026-10-05T09:39:06Z,0,0,720,1.6,0.000,12,active
who.gho.nut-bf-evbf,2026-10-05T09:37:05Z,2026-10-05T09:38:01Z,2026-10-05T09:38:01Z,0,0,720,1.6,0.000,13,active
who.gho.nut-cf-eff,2026-10-05T09:37:59Z,2026-10-05T09:38:27Z,2026-10-05T09:38:27Z,0,0,720,1.6,0.000,9,active
who.gho.nut-cf-mmf,2026-10-05T09:39:33Z,2026-10-05T09:39:56Z,2026-10-05T09:39:56Z,0,0,720,1.6,0.000,8,active
who.gho.nut-cf-zvf,2026-10-05T09:39:59Z,2026-10-05T09:40:06Z,2026-10-05T09:40:06Z,0,0,720,1.6,0.000,3,active
who.gho.nutrition-anaemia-reproductiveage-num,2026-10-05T09:36:37Z,2026-10-05T09:38:03Z,2026-10-05T09:38:03Z,0,0,720,1.6,0.000,18,active
who.gho.nutrition-anaemia-reproductiveage-prev,2026-10-05T09:40:05Z,2026-10-05T09:41:04Z,2026-10-05T09:41:04Z,0,0,720,1.6,0.000,18,active
who.gho.nutrition-wa-2,2026-10-05T09:36:34Z,2026-10-05T09:41:31Z,2026-10-05T09:41:31Z,0,0,720,1.6,0.000,74,active
who.gho.nutrition-wh-2,2026-10-05T09:34:38Z,2026-10-05T09:39:50Z,2026-10-05T09:39:50Z,0,0,720,1.6,0.000,74,active
who.gho.nutsevwastingnum,2026-10-05T09:36:52Z,2026-10-05T09:37:03Z,2026-10-05T09:37:03Z,0,0,720,1.6,0.000,2,active
who.gho.nutstuntingnum,2026-10-05T09:35:51Z,2026-10-05T09:37:16Z,2026-10-05T09:37:16Z,0,0,720,1.6,0.000,18,active
who.gho.nutstuntingprev,2026-10-05T09:40:09Z,2026-10-05T09:41:02Z,2026-10-05T09:41:02Z,0,0,720,1.6,0.000,18,active
who.gho.nutunderweightprev,2026-10-05T09:37:06Z,2026-10-05T09:37:10Z,2026-10-05T09:37:10Z,0,0,720,1.6,0.000,2,active
who.gho.nutwastingnum,2026-10-05T09:38:04Z,2026-10-05T09:38:07Z,2026-10-05T09:38:07Z,0,0,720,1.6,0.000,2,active
who.gho.pcv3,2026-10-05T09:41:05Z,2026-10-05T09:41:15Z,2026-10-05T09:41:15Z,0,0,720,1.6,0.000,4,active
who.gho.percposanc,2026-10-05T09:39:09Z,2026-10-05T09:39:12Z,2026-10-05T09:39:12Z,0,0,720,1.6,0.000,2,active
who.gho.phe-hhair-prop-pop-clean-fuels,2026-10-05T09:39:35Z,2026-10-05T09:40:26Z,2026-10-05T09:40:26Z,0,0,720,1.6,0.000,17,active
who.gho.physicalactivity-activeenvironments,2026-10-05T09:38:10Z,2026-10-05T09:38:16Z,2026-10-05T09:38:16Z,0,0,720,1.6,0.000,3,active
who.gho.r-excise-min-specific,2026-10-05T09:36:23Z,2026-10-05T09:36:23Z,2026-10-05T09:36:23Z,0,0,720,1.6,0.000,1,active
who.gho.rhr-npsv12m,2026-10-05T09:38:30Z,2026-10-05T09:38:30Z,2026-10-05T09:38:30Z,0,0,720,1.6,0.000,1,active
who.gho.rotac,2026-10-05T09:39:15Z,2026-10-05T09:39:26Z,2026-10-05T09:39:26Z,0,0,720,1.6,0.000,5,active
who.gho.sa-0000001400,2026-10-05T09:33:05Z,2026-10-05T09:37:16Z,2026-10-05T09:37:16Z,0,0,720,1.6,0.000,53,active
who.gho.sa-0000001506,2026-10-05T09:38:33Z,2026-10-05T09:38:33Z,2026-10-05T09:38:33Z,0,0,720,1.6,0.000,1,active
who.gho.sa-0000001507,2026-10-05T09:41:08Z,2026-10-05T09:41:11Z,2026-10-05T09:41:11Z,0,0,720,1.6,0.000,2,active
who.gho.sa-0000001508,2026-10-05T09:39:53Z,2026-10-05T09:39:56Z,2026-10-05T09:39:56Z,0,0,720,1.6,0.000,2,active
who.gho.sa-0000001509,2026-10-05T09:38:19Z,2026-10-05T09:38:23Z,2026-10-05T09:38:23Z,0,0,720,1.6,0.000,2,active
who.gho.sa-0000001510,2026-10-05T09:38:26Z,2026-10-05T09:38:29Z,2026-10-05T09:38:29Z,0,0,720,1.6,0.000,2,active
who.gho.sa-0000001513,2026-10-05T09:36:42Z,2026-10-05T09:36:45Z,2026-10-05T09:36:45Z,0,0,720,1.6,0.000,2,active
who.gho.sa-0000001520,2026-10-05T09:39:23Z,2026-10-05T09:39:26Z,2026-10-05T09:39:26Z,0,0,720,1.6,0.000,2,active
who.gho.sa-0000001521,2026-10-05T09:38:36Z,2026-10-05T09:38:36Z,2026-10-05T09:38:36Z,0,0,720,1.6,0.000,1,active
who.gho.sa-0000001525,2026-10-05T09:41:18Z,2026-10-05T09:41:21Z,2026-10-05T09:41:21Z,0,0,720,1.6,0.000,2,active
who.gho.sa-0000001526,2026-10-05T09:39:29Z,2026-10-05T09:39:32Z,2026-10-05T09:39:32Z,0,0,720,1.6,0.000,2,active
who.gho.sa-0000001531,2026-09-07T16:33:25Z,2026-10-05T09:36:29Z,2026-10-05T09:36:29Z,0,0,720,1.6,0.000,4,active
who.gho.sa-0000001532,2026-10-05T09:40:01Z,2026-10-05T09:40:04Z,2026-10-05T09:40:04Z,0,0,720,1.6,0.000,2,active
who.gho.sa-0000001533,2026-10-05T09:38:32Z,2026-10-05T09:38:35Z,2026-10-05T09:38:35Z,0,0,720,1.6,0.000,2,active
who.gho.sa-0000001534,2026-10-05T09:41:24Z,2026-10-05T09:41:27Z,2026-10-05T09:41:27Z,0,0,720,1.6,0.000,2,active
who.gho.sa-0000001536,2026-10-05T09:37:21Z,2026-10-05T09:37:21Z,2026-10-05T09:37:21Z,0,0,720,1.6,0.000,1,active
who.gho.sa-0000001537,2026-10-05T09:37:24Z,2026-10-05T09:37:28Z,2026-10-05T09:37:28Z,0,0,720,1.6,0.000,2,active
who.gho.sa-0000001538,2026-10-05T09:41:14Z,2026-10-05T09:41:17Z,2026-10-05T09:41:17Z,0,0,720,1.6,0.000,2,active
who.gho.sa-0000001543,2026-10-05T09:36:48Z,2026-10-05T09:37:02Z,2026-10-05T09:37:02Z,0,0,720,1.6,0.000,2,active
who.gho.sa-0000001549,2026-10-05T09:36:32Z,2026-10-05T09:36:32Z,2026-10-05T09:36:32Z,0,0,720,1.6,0.000,1,active
who.gho.sa-0000001550,2026-10-05T09:38:38Z,2026-10-05T09:38:41Z,2026-10-05T09:38:41Z,0,0,720,1.6,0.000,2,active
who.gho.sa-0000001551,2026-10-05T09:37:20Z,2026-10-05T09:37:20Z,2026-10-05T09:37:20Z,0,0,720,1.6,0.000,1,active
who.gho.sa-0000001554,2026-10-05T09:41:20Z,2026-10-05T09:41:20Z,2026-10-05T09:41:20Z,0,0,720,1.6,0.000,1,active
who.gho.sa-0000001555,2026-10-05T09:37:13Z,2026-10-05T09:37:13Z,2026-10-05T09:37:13Z,0,0,720,1.6,0.000,1,active
who.gho.sa-0000001694,2026-10-05T09:41:22Z,2026-10-05T09:41:27Z,2026-10-05T09:41:27Z,0,0,720,1.6,0.000,2,active
who.gho.sa-0000001698,2026-10-05T09:38:44Z,2026-10-05T09:38:44Z,2026-10-05T09:38:44Z,0,0,720,1.6,0.000,1,active
who.gho.sa-0000001726,2026-10-05T09:39:35Z,2026-10-05T09:39:40Z,2026-10-05T09:39:40Z,0,0,720,1.6,0.000,3,active
who.gho.sa-0000001727,2026-10-05T09:37:10Z,2026-10-05T09:37:10Z,2026-10-05T09:37:10Z,0,0,720,1.6,0.000,1,active
who.gho.sa-0000001728,2026-09-07T16:34:00Z,2026-10-05T09:41:34Z,2026-10-05T09:41:34Z,0,0,720,1.6,0.000,2,active
who.gho.sa-0000001729,2026-10-05T09:37:05Z,2026-10-05T09:37:05Z,2026-10-05T09:37:05Z,0,0,720,1.6,0.000,1,active
who.gho.sa-0000001733,2026-10-05T09:36:46Z,2026-10-05T09:37:02Z,2026-10-05T09:37:02Z,0,0,720,1.6,0.000,2,active
who.gho.sa-0000001734,2026-10-05T09:36:32Z,2026-10-05T09:36:35Z,2026-10-05T09:36:35Z,0,0,720,1.6,0.000,2,active
who.gho.sa-0000001735,2026-10-05T09:40:33Z,2026-10-05T09:40:36Z,2026-10-05T09:40:36Z,0,0,720,1.6,0.000,2,active
who.gho.sa-0000001736,2026-10-05T09:37:04Z,2026-10-05T09:37:04Z,2026-10-05T09:37:04Z,0,0,720,1.6,0.000,1,active
who.gho.sa-0000001747,2026-10-05T09:38:39Z,2026-10-05T09:38:53Z,2026-10-05T09:38:53Z,0,0,720,1.6,0.000,5,active
who.gho.sa-0000001768,2026-10-05T09:36:38Z,2026-10-05T09:36:38Z,2026-10-05T09:36:38Z,0,0,720,1.6,0.000,1,active
who.gho.sa-0000001790,2026-10-05T09:37:08Z,2026-10-05T09:37:08Z,2026-10-05T09:37:08Z,0,0,720,1.6,0.000,1,active
who.gho.sa-0000001791,2026-10-05T09:40:38Z,2026-10-05T09:40:38Z,2026-10-05T09:40:38Z,0,0,720,1.6,0.000,1,active
who.gho.sa-0000001792,2026-10-05T09:38:08Z,2026-10-05T09:38:08Z,2026-10-05T09:38:08Z,0,0,720,1.6,0.000,1,active
who.gho.sa-0000001793,2026-10-05T09:38:56Z,2026-10-05T09:39:02Z,2026-10-05T09:39:02Z,0,0,720,1.6,0.000,3,active
who.gho.sa-0000001800,2026-10-05T09:39:05Z,2026-10-05T09:39:08Z,2026-10-05T09:39:08Z,0,0,720,1.6,0.000,2,active
who.gho.sa-0000001801,2026-10-05T09:36:40Z,2026-10-05T09:36:43Z,2026-10-05T09:36:43Z,0,0,720,1.6,0.000,2,active
who.gho.sa-0000001805,2026-10-05T09:37:19Z,2026-10-05T09:37:19Z,2026-10-05T09:37:19Z,0,0,720,1.6,0.000,1,active
who.gho.sa-0000001821,2026-10-05T09:37:10Z,2026-10-05T09:37:24Z,2026-10-05T09:37:24Z,0,0,720,1.6,0.000,5,active
who.gho.sa-0000001823,2026-10-05T09:39:59Z,2026-10-05T09:40:16Z,2026-10-05T09:40:16Z,0,0,720,1.6,0.000,6,active
who.gho.sdgairboda,2026-10-05T09:37:15Z,2026-10-05T09:37:26Z,2026-10-05T09:37:26Z,0,0,720,1.6,0.000,4,active
who.gho.sdghephbsagprv,2026-10-05T09:38:47Z,2026-10-05T09:38:54Z,2026-10-05T09:38:54Z,0,0,720,1.6,0.000,3,active
who.gho.sdghiv,2026-10-05T09:38:57Z,2026-10-05T09:39:49Z,2026-10-05T09:39:49Z,0,0,720,1.6,0.000,16,active
who.gho.sdgihr2021,2026-10-05T09:34:29Z,2026-10-05T09:38:11Z,2026-10-05T09:38:11Z,0,0,720,1.6,0.000,52,active
who.gho.sdgipv12m,2026-10-05T09:41:37Z,2026-10-05T09:41:37Z,2026-10-05T09:41:37Z,0,0,720,1.6,0.000,1,active
who.gho.sdgntdtreatment,2026-10-05T09:41:30Z,2026-10-05T09:41:40Z,2026-10-05T09:41:40Z,0,0,720,1.6,0.000,4,active
who.gho.sdgpm25,2026-10-05T09:40:19Z,2026-10-05T09:41:23Z,2026-10-05T09:41:23Z,0,0,720,1.6,0.000,20,active
who.gho.sdgsuicide,2026-10-05T09:37:23Z,2026-10-05T09:38:43Z,2026-10-05T09:38:43Z,0,0,720,1.6,0.000,20,active
who.gho.se-dev-ontrk,2026-10-05T09:36:46Z,2026-10-05T09:36:46Z,2026-10-05T09:36:46Z,0,0,720,1.6,0.000,1,active
who.gho.taxbev-abv,2026-10-05T09:37:42Z,2026-10-05T09:37:42Z,2026-10-05T09:37:42Z,0,0,720,1.6,0.000,1,active
who.gho.taxbev-afford-gdp,2026-10-05T09:37:01Z,2026-10-05T09:37:01Z,2026-10-05T09:37:01Z,0,0,720,1.6,0.000,1,active
who.gho.taxbev-earmarkedexcisetax,2026-10-05T09:37:46Z,2026-10-05T09:37:46Z,2026-10-05T09:37:46Z,0,0,720,1.6,0.000,1,active
who.gho.taxbev-excise,2026-10-05T09:37:43Z,2026-10-05T09:37:52Z,2026-10-05T09:37:52Z,0,0,720,1.6,0.000,4,active
who.gho.taxbev-excise-applied-yn,2026-10-05T09:37:27Z,2026-10-05T09:37:27Z,2026-10-05T09:37:27Z,0,0,720,1.6,0.000,1,active
who.gho.taxbev-excise-autoadjust,2026-10-05T09:40:41Z,2026-10-05T09:40:41Z,2026-10-05T09:40:41Z,0,0,720,1.6,0.000,1,active
who.gho.taxbev-excise-uniformtiered-alcoholic,2026-10-05T09:37:08Z,2026-10-05T09:37:08Z,2026-10-05T09:37:08Z,0,0,720,1.6,0.000,1,active
who.gho.taxbev-excise-uniformtiered-nonalcoholic,2026-10-05T09:40:44Z,2026-10-05T09:40:44Z,2026-10-05T09:40:44Z,0,0,720,1.6,0.000,1,active
who.gho.taxbev-othertaxes,2026-10-05T09:39:52Z,2026-10-05T09:39:52Z,2026-10-05T09:39:52Z,0,0,720,1.6,0.000,1,active
who.gho.taxbev-price,2026-09-07T16:34:34Z,2026-10-05T09:37:28Z,2026-10-05T09:37:28Z,0,0,720,1.6,0.000,6,active
who.gho.taxbev-sugarbasedtiered,2026-10-05T09:37:03Z,2026-10-05T09:37:03Z,2026-10-05T09:37:03Z,0,0,720,1.6,0.000,1,active
who.gho.taxbev-totaltaxes,2026-10-05T09:37:42Z,2026-10-05T09:37:42Z,2026-10-05T09:37:42Z,0,0,720,1.6,0.000,1,active
who.gho.taxbev-vatsales,2026-10-05T09:40:07Z,2026-10-05T09:40:07Z,2026-10-05T09:40:07Z,0,0,720,1.6,0.000,1,active
who.gho.taxbev-vatspecial-yn,2026-10-05T09:37:12Z,2026-10-05T09:37:12Z,2026-10-05T09:37:12Z,0,0,720,1.6,0.000,1,active
who.gho.tb-c-dst-rlt-ret-pct,2026-10-05T09:37:45Z,2026-10-05T09:37:55Z,2026-10-05T09:37:55Z,0,0,720,1.6,0.000,4,active
who.gho.tb-c-mdr-tsr,2026-10-05T09:37:48Z,2026-10-05T09:37:54Z,2026-10-05T09:37:54Z,0,0,720,1.6,0.000,3,active
who.gho.tb-c-mdr-tx,2026-10-05T09:37:43Z,2026-10-05T09:37:53Z,2026-10-05T09:37:53Z,0,0,720,1.6,0.000,4,active
who.gho.tb-c-new-tsr,2026-10-05T09:37:56Z,2026-10-05T09:38:11Z,2026-10-05T09:38:11Z,0,0,720,1.6,0.000,6,active
who.gho.tb-c-ret-tsr,2026-10-05T09:36:35Z,2026-10-05T09:37:02Z,2026-10-05T09:37:02Z,0,0,720,1.6,0.000,5,active
who.gho.tb-c-tbhiv-tsr,2026-10-05T09:37:06Z,2026-10-05T09:37:13Z,2026-10-05T09:37:13Z,0,0,720,1.6,0.000,3,active
who.gho.tb-e-inc-num,2026-10-05T09:37:04Z,2026-10-05T09:37:21Z,2026-10-05T09:37:21Z,0,0,720,1.6,0.000,6,active
who.gho.tb-e-inc-num-014,2026-10-05T09:37:55Z,2026-10-05T09:37:55Z,2026-10-05T09:37:55Z,0,0,720,1.6,0.000,1,active
who.gho.tb-e-inc-rr-num,2026-10-05T09:38:14Z,2026-10-05T09:38:18Z,2026-10-05T09:38:18Z,0,0,720,1.6,0.000,2,active
who.gho.tb-e-inc-tbhiv-num,2026-10-05T09:41:30Z,2026-10-05T09:41:44Z,2026-10-05T09:41:44Z,0,0,720,1.6,0.000,5,active
who.gho.tb-hiv-art-pct,2026-10-05T09:37:58Z,2026-10-05T09:38:04Z,2026-10-05T09:38:04Z,0,0,720,1.6,0.000,3,active
who.gho.tb-hivtest-pct,2026-10-05T09:40:29Z,2026-10-05T09:40:38Z,2026-10-05T09:40:38Z,0,0,720,1.6,0.000,4,active
who.gho.tb-rr-mdr,2026-09-07T16:36:23Z,2026-10-05T09:40:56Z,2026-10-05T09:40:56Z,0,0,720,1.6,0.000,8,active
who.gho.tobacco-mpower-m1-prevalence,2026-10-05T09:37:15Z,2026-10-05T09:37:26Z,2026-10-05T09:37:26Z,0,0,720,1.6,0.000,4,active
who.gho.tobacco-mpower-m2-prevalence,2026-10-05T09:41:40Z,2026-10-05T09:41:47Z,2026-10-05T09:41:47Z,0,0,720,1.6,0.000,3,active
who.gho.tobacco-mpower-m3-tobaccousesmokingschool,2026-10-05T09:41:49Z,2026-10-05T09:41:49Z,2026-10-05T09:41:49Z,0,0,720,1.6,0.000,1,active
who.gho.tobacco-mpower-p2-smokefreeplacedetails,2026-09-07T16:39:26Z,2026-10-05T09:39:01Z,2026-10-05T09:39:01Z,0,0,720,1.6,0.000,28,active
who.gho.tobacco-mpower-r-price,2026-10-05T09:39:29Z,2026-10-05T09:40:17Z,2026-10-05T09:40:17Z,0,0,720,1.6,0.000,16,active
who.gho.trad-med-che-provider,2026-10-05T09:40:10Z,2026-10-05T09:40:10Z,2026-10-05T09:40:10Z,0,0,720,1.6,0.000,1,active
who.gho.trad-med-che-scheme,2026-10-05T09:37:42Z,2026-10-05T09:37:42Z,2026-10-05T09:37:42Z,0,0,720,1.6,0.000,1,active
who.gho.trad-med-hwf-density,2026-10-05T09:41:26Z,2026-10-05T09:41:26Z,2026-10-05T09:41:26Z,0,0,720,1.6,0.000,1,active
who.gho.uhc-index-reported,2026-10-05T09:39:04Z,2026-10-05T09:39:21Z,2026-10-05T09:39:21Z,0,0,720,1.6,0.000,6,active
who.gho.uhc-sci-capacity,2026-10-05T09:37:11Z,2026-10-05T09:37:26Z,2026-10-05T09:37:26Z,0,0,720,1.6,0.000,6,active
who.gho.uhc-sci-infect,2026-10-05T09:39:43Z,2026-10-05T09:39:59Z,2026-10-05T09:39:59Z,0,0,720,1.6,0.000,6,active
who.gho.uhc-sci-ncd,2026-10-05T09:40:21Z,2026-10-05T09:40:36Z,2026-10-05T09:40:36Z,0,0,720,1.6,0.000,6,active
who.gho.vaccinecoverage-dtp1,2026-10-05T09:41:42Z,2026-10-05T09:41:58Z,2026-10-05T09:41:58Z,0,0,720,1.6,0.000,6,active
who.gho.vaccinecoverage-mena-c,2026-09-07T16:41:28Z,2026-10-05T09:39:55Z,2026-10-05T09:39:55Z,0,0,720,1.6,0.000,2,active
who.gho.vaccinecoverage-yfv,2026-10-05T09:41:52Z,2026-10-05T09:41:55Z,2026-10-05T09:41:55Z,0,0,720,1.6,0.000,2,active
who.gho.whosis-000003,2026-10-05T09:40:01Z,2026-10-05T09:40:39Z,2026-10-05T09:40:39Z,0,0,720,1.6,0.000,13,active
who.gho.whosis-000014,2026-10-05T09:39:23Z,2026-10-05T09:39:39Z,2026-10-05T09:39:39Z,0,0,720,1.6,0.000,6,active
who.gho.whs3-41,2026-10-05T09:37:57Z,2026-10-05T09:38:31Z,2026-10-05T09:38:31Z,0,0,720,1.6,0.000,12,active
who.gho.whs3-43,2026-10-05T09:37:40Z,2026-10-05T09:38:15Z,2026-10-05T09:38:15Z,0,0,720,1.6,0.000,12,active
who.gho.whs3-45,2026-10-05T09:38:18Z,2026-10-05T09:38:28Z,2026-10-05T09:38:28Z,0,0,720,1.6,0.000,4,active
who.gho.whs3-46,2026-10-05T09:39:42Z,2026-10-05T09:40:14Z,2026-10-05T09:40:14Z,0,0,720,1.6,0.000,11,active
who.gho.whs3-56,2026-10-05T09:41:29Z,2026-10-05T09:42:03Z,2026-10-05T09:42:03Z,0,0,720,1.6,0.000,12,active
who.gho.whs3-57,2026-10-05T09:40:59Z,2026-10-05T09:41:14Z,2026-10-05T09:41:14Z,0,0,720,1.6,0.000,6,active
who.gho.whs4-100,2026-10-05T09:38:34Z,2026-10-05T09:38:50Z,2026-10-05T09:38:50Z,0,0,720,1.6,0.000,6,active
who.gho.whs4-117,2026-10-05T09:41:17Z,2026-10-05T09:41:34Z,2026-10-05T09:41:34Z,0,0,720,1.6,0.000,6,active
who.gho.whs4-543,2026-10-05T09:40:42Z,2026-10-05T09:40:55Z,2026-10-05T09:40:55Z,0,0,720,1.6,0.000,5,active
who.gho.whs4-544,2026-10-05T09:40:13Z,2026-10-05T09:40:16Z,2026-10-05T09:40:16Z,0,0,720,1.6,0.000,2,active
who.gho.whs6-102,2026-10-05T09:37:42Z,2026-10-05T09:37:50Z,2026-10-05T09:37:50Z,0,0,720,1.6,0.000,3,active
who.gho.whs8-110,2026-10-05T09:38:11Z,2026-10-05T09:38:27Z,2026-10-05T09:38:27Z,0,0,720,1.6,0.000,6,active
who.gho.wsh-sanitation-basic,2026-10-05T09:40:17Z,2026-10-05T09:41:03Z,2026-10-05T09:41:03Z,0,0,720,1.6,0.000,15,active
who.gho.nutrition-ant-whz-ne2,2026-10-05T09:38:43Z,2026-10-05T09:42:54Z,2026-10-05T09:42:54Z,0,0,720,1.5,0.000,74,active
who.gho.nutrition-wh-3,2026-10-05T09:38:54Z,2026-10-05T09:42:56Z,2026-10-05T09:42:56Z,0,0,720,1.5,0.000,71,active
who.gho.nutunderweightnum,2026-10-05T09:42:59Z,2026-10-05T09:43:02Z,2026-10-05T09:43:02Z,0,0,720,1.5,0.000,2,active
who.gho.physicalactivity-activesystems,2026-10-05T09:43:05Z,2026-10-05T09:43:17Z,2026-10-05T09:43:17Z,0,0,720,1.5,0.000,5,active
who.gho.sa-0000001542,2026-10-05T09:43:19Z,2026-10-05T09:43:23Z,2026-10-05T09:43:23Z,0,0,720,1.5,0.000,2,active
who.gho.sa-0000001691,2026-10-05T09:42:57Z,2026-10-05T09:43:00Z,2026-10-05T09:43:00Z,0,0,720,1.5,0.000,2,active
who.gho.taxbev-mostsoldspirit,2026-10-05T09:43:26Z,2026-10-05T09:43:26Z,2026-10-05T09:43:26Z,0,0,720,1.5,0.000,1,active
who.gho.tobacco-mpower-m3-prevalence,2026-10-05T09:43:28Z,2026-10-05T09:43:38Z,2026-10-05T09:43:38Z,0,0,720,1.5,0.000,4,active
who.gho.trad-med-hwf-dist,2026-10-05T09:43:42Z,2026-10-05T09:43:42Z,2026-10-05T09:43:42Z,0,0,720,1.5,0.000,1,active
who.gho.whs3-50,2026-10-05T09:43:44Z,2026-10-05T09:44:16Z,2026-10-05T09:44:16Z,0,0,720,1.5,0.000,11,active
who.gho.whs4-129,2026-10-05T09:42:00Z,2026-10-05T09:42:16Z,2026-10-05T09:42:16Z,0,0,720,1.5,0.000,6,active
